folio,unidad,ciudad,trim,punto,turno,sexo,edad,pasmex,p1a,p1n,p2,p3,p3_1,p4,p4_1,p5,p6,p6_1,p7,p7_1_1,p7_1_2,p7_1_3,p7_2,p7_3,p7_4_1,p7_4_2,p7_4_3,p7_4_4,p7_5,p7_5_1,p7_5_2,p7_5_2_1,p8,p9_1,p9_2,p9_3,p9_4,p10p,p10_1d,p10_1m,p10_1u,p11p,p11_1d,p11_1m,p11_1u,p11_2e,p11_2m,p11_2l,p11_2u,p11_3es,p11_3cn,p11_3cd,p12c,p12t,p13,p13_1,p13_2,p13_2_1,p13_4,p13_5,p13_6_1,p13_6_2,p13_6_3,p13_6_4,p13_6_5,p13_6_6,p13_6_7,p13_6_8,p13_7,p13_8,p13_9c,p13_9u,p13_9t,p13_10,p13_11,p13_12,p13_13_1,p13_13_2,p13_14,p14,p14_1,p15,p16,p16_1,p17,p17_1c,p17_1u,p18_0_1,p18_0_2,p18_0_3,p18_0_4,p18_0_5,p18_1,p18_2,p19_1e,p19_1l,p19_1u,p19_2e,p19_2l,p19_2u,p20e,p20l,p20u,p21c,p21t,p22,p22_1e,p22_1m,p22_1l,p22_1u,p22_3,p22_4,p23_1,p23_2,p23_3,p23_4,p23_5,p23_6,p24_0_1,p24_0_2,p24_0_3,p24_0_4,p24_1,p25,p25_1_1,p25_1_2,p25_1_3,p25_1_4,p25_1_5,p25_1_6,p25_1_7,p25_1_8,p25_2,p26,p26_1c,p26_1t,p26_2,p26_3,p27,p27_1c,p27_1u,p27_1_1,p27_2,p28c,p28u,p28_1,p29_0_1,p29_0_2,p29_0_3,p29_0_4,p29_0_5,p29_1,p29_2,p30,p31,p31_1,p31_2,p32,p32_1,p33,p33_1,p33_1_1,p33_1_2,p34,p35es,p35cn,p35cd,p35_1,p35_1_1,p35_2,p35_2_1_1,p35_2_1_2,p35_2_1_3,p35_2_1_4,p35_2_1_5,p35_2_1_6,p35_2_2,p35_2_3_1,p35_2_3_2,p35_2_3_3,p35_3_1,p35_3_2,p35_3_3,p35_3_4,p35_4c,p35_4t,p35_5,p35_6,p35_7,p35_8,p35_9,p35_9_1,p36es,p36cn,p36cd,p37c,p37t,p38,p38_2,p38_2_1,p38_2_2,p38_3c,p38_3u,p38_3t,p38_4,p38_5,p39,p39_1,p39_2_1,p39_2_2,p40,p41,p42,p43,p43_1,p43_2,p44,p44_1,p45,p46m,p46a,p47,p48,p48_1,p49,p50,p50_1,nivel,oficio_res,filtro
16011,112211,1,4,1,1,1,32,1,2,2,-2,2,2,3,2,1,1,-3,4,1,3,0,2,1,1,1,5,1,2,-6,-6,-6,-6,2,2,2,2,3,12,1208,99,5,-11,-11,-11,-11,-11,-11,-11,12,12079,1207942425,2,6,1,-15,2,2,-18,-18,-18,-18,-18,-18,-18,-18,-18,-18,-18,-18,-18,-18,-18,-18,3,2,1,2,1,1,1215013,3,2,-20,1,10000,2,2,2,2,2,2,-22,-22,1,10010001,2,28,280320001,2,28,280320001,2,10,2,2,-23,-23,-23,-23,-23,-23,1,2,2,2,2,2,2,2,2,2,-24,2,-25,-25,-25,-25,-25,-25,-25,-25,-25,280320001,1,2,1,3,1,10000,2,6,1,10500,2,1,2,2,2,2,2,-31,-31,1,2,1,2,2,-33,0,-34,-34,-34,-34,12,12079,1207942425,1,4,3,1,2,2,2,2,2,2,-37,-37,-37,2,2,2,2,3,5,1,1,2,4,2,-38,12,12079,1207942425,2,6,1,524,7,6,150,2,2,561,2,5,200,2,4,1,0,-43,-43,-43,-43,1,-46,-46,5,2019,0,0,-49,1,-50,-50,3,0,1
34111,252211,1,4,1,1,1,30,1,3,2,-2,2,2,6,2,6,2,2,3,0,3,0,2,2,1,0,1,0,-5,-5,-5,-5,-5,1,99,2,2,3,7,702,2,0,-9,-9,-9,-9,-9,-9,-9,-9,-9,-9,777,7,1,-15,2,2,-18,-18,-18,-18,-18,-18,-18,-18,-18,-18,-18,-18,-18,-18,-18,-18,3,2,1,2,1,1,1217001,1,2,-20,2,-21,-21,1,2,2,2,2,-22,-22,7,70090001,2,8,80190001,2,7,70090001,2,5,2,2,-23,-23,-23,-23,-23,-23,1,2,2,2,2,2,2,2,2,2,-24,2,-25,-25,-25,-25,-25,-25,-25,-25,-25,280320001,5,2,1,1,2,-28,-28,-28,-28,800,2,1,1,2,2,2,2,-31,-31,2,2,1,2,2,-33,0,-34,-34,-34,-34,6,6017,9999999997,3,1,3,2,2,2,2,2,2,2,-37,-37,-37,2,2,2,2,25,2,1,1,2,4,2,-38,6,6017,9999999997,1,5,2,-41,-41,-41,-41,-41,-41,-41,2,0,-42,-42,-42,1,0,-43,-43,-43,-43,1,-46,-46,10,2022,0,0,-49,1,-50,-50,3,0,1
34011,252211,1,4,1,1,1,35,1,3,2,-2,2,2,2,2,6,1,-3,2,0,2,0,2,1,1,0,1,0,-5,-5,-5,-5,-5,1,2,2,2,3,7,704,1,5,-11,-11,-11,-11,-11,-11,-11,12,12001,1200100375,10,6,1,-15,2,1,524,1,2,2,2,2,2,2,2,2,8,6,500,2,4,561,3,2,1,2,1,1,1217001,1,2,-20,1,1000,2,2,2,2,2,2,-22,-22,7,70090001,2,10,100230001,2,7,70090001,2,5,2,2,-23,-23,-23,-23,-23,-23,1,2,2,2,2,2,2,2,2,2,-24,2,-25,-25,-25,-25,-25,-25,-25,-25,-25,280320001,5,2,1,5,1,1000,2,6,2,2500,2,1,2,2,2,2,2,-31,-31,2,2,1,2,2,-33,0,-34,-34,-34,-34,6,6011,601114946,3,1,3,2,2,2,2,2,2,2,-37,-37,-37,2,2,2,2,25,2,1,1,2,4,2,-38,6,6011,601114946,10,6,1,524,8,6,500,2,4,561,2,5,100,2,4,1,0,-43,-43,-43,-43,1,-46,-46,10,2012,0,0,-49,1,-50,-50,3,7,1
33911,252211,1,4,1,1,1,29,1,3,2,-2,2,2,4,2,6,1,-3,3,0,3,0,1,1,1,0,1,0,-5,-5,-5,-5,-5,1,2,2,2,3,14,1408,2,5,-11,-11,-11,-11,-11,-11,-11,6,6005,600501514,11,6,1,-15,1,-17,510,1,2,2,2,2,2,2,2,2,9,6,700,2,4,722,3,2,4,1,1,1,1217001,1,2,-20,2,-21,-21,2,2,2,2,2,-22,-22,2,20040001,2,7,70090001,2,7,70090001,2,5,2,2,-23,-23,-23,-23,-23,-23,1,2,2,2,2,2,2,2,2,2,-24,2,-25,-25,-25,-25,-25,-25,-25,-25,-25,280320001,5,2,1,1,2,-28,-28,-28,-28,800,2,1,2,2,2,2,2,-31,-31,2,1,1,2,2,-33,0,-34,-34,-34,-34,6,6017,9999999997,3,1,3,2,2,2,2,2,2,2,-37,-37,-37,2,2,2,2,25,2,1,1,2,4,2,-38,6,6017,9999999997,11,6,-40,-40,-40,-40,-40,-40,-40,-40,2,5,150,2,4,1,0,-43,-43,-43,-43,1,-46,-46,10,2011,0,0,-49,1,-50,-50,3,7,1
33611,252211,1,4,1,1,1,35,1,3,3,-2,2,2,6,2,1,1,-3,5,2,3,0,2,1,1,1,5,1,2,-6,-6,-6,-6,1,2,2,2,3,6,607,99,0,-9,-9,-9,-9,-9,-9,-9,-9,-9,-9,777,7,1,-15,2,2,-18,-18,-18,-18,-18,-18,-18,-18,-18,-18,-18,-18,-18,-18,-18,-18,3,2,1,2,1,1,1217001,3,2,-20,2,-21,-21,2,2,2,2,2,-22,-22,1,10010001,2,7,70890001,2,7,70890001,2,15,2,2,-23,-23,-23,-23,-23,-23,1,2,2,2,2,2,2,2,2,2,-24,2,-25,-25,-25,-25,-25,-25,-25,-25,-25,280320001,1,2,1,2,1,3000,2,4,2,5000,2,1,2,2,2,2,2,-31,-31,0,2,2,-32,2,-33,0,-34,-34,-34,-34,48,48215,4821545384,4,1,3,1,2,2,2,2,2,2,-37,-37,-37,2,2,2,2,1,5,1,1,2,4,2,-38,48,48215,4821545384,1,5,2,-41,-41,-41,-41,-41,-41,-41,2,0,-42,-42,-42,1,0,-43,-43,-43,-43,1,-46,-46,10,2022,0,0,-49,1,-50,-50,4,0,1
33511,252211,1,4,1,1,2,23,1,2,3,-2,2,2,6,2,6,1,-3,4,1,3,0,3,2,1,0,5,1,2,-6,-6,-6,-6,1,2,2,2,3,12,1205,99,0,-9,-9,-9,-9,-9,-9,-9,-9,-9,-9,777,7,1,-15,1,-17,421,6,2,2,2,2,2,2,2,2,4,3,200,2,4,722,3,2,1,2,1,1,1217001,3,2,-20,1,12000,2,2,2,2,2,2,-22,-22,7,71010001,2,30,300030001,2,30,300030001,2,15,2,2,-23,-23,-23,-23,-23,-23,1,2,2,2,2,2,2,2,2,2,-24,2,-25,-25,-25,-25,-25,-25,-25,-25,-25,280270001,2,2,1,3,2,-28,-28,-28,-28,12000,2,1,2,2,2,2,2,-31,-31,1,2,2,-32,2,-33,1,1,1,4,1,48,48479,4847941464,4,1,3,1,2,2,2,2,2,2,-37,-37,-37,2,2,2,2,2,5,1,1,2,4,2,-38,48,48479,4847941464,2,5,2,-41,-41,-41,-41,-41,-41,-41,2,0,-42,-42,-42,1,0,-43,-43,-43,-43,1,-46,-46,9,2022,0,0,-49,1,-50,-50,4,4,1
33411,252211,1,4,1,1,1,42,1,3,3,-2,2,2,3,2,5,1,-3,5,1,4,0,2,1,1,3,5,3,1,1,1,2,2,2,2,2,2,3,11,1106,99,5,-11,-11,-11,-11,-11,-11,-11,6,6037,603744000,12,6,1,-15,1,-17,751,1,2,2,2,2,2,2,2,2,10,4,12,2,1,311,3,2,1,2,1,1,1217001,3,2,-20,1,10000,2,2,2,2,2,2,-22,-22,1,10010001,2,28,280320001,2,1,10010001,2,20,2,2,-23,-23,-23,-23,-23,-23,1,2,2,2,2,2,2,2,2,2,-24,2,-25,-25,-25,-25,-25,-25,-25,-25,-25,280320001,1,2,1,3,1,10000,2,4,1,10000,2,1,2,2,2,2,2,-31,-31,1,2,2,-32,2,-33,0,-34,-34,-34,-34,6,6037,603744000,2,4,3,1,2,2,2,2,2,2,-37,-37,-37,2,2,2,2,15,2,2,2,2,4,2,-38,6,6037,603744000,12,6,-40,-40,-40,-40,-40,-40,-40,-40,2,5,150,2,4,1,0,-43,-43,-43,-43,1,-46,-46,1,2010,0,0,-49,1,-50,-50,4,2,1
23811,182211,1,4,1,1,2,27,1,3,3,-2,2,2,6,2,1,2,1,4,1,3,0,2,2,1,1,5,1,2,-6,-6,-6,-6,2,2,2,2,3,6,602,99,0,-9,-9,-9,-9,-9,-9,-9,-9,-9,-9,777,7,1,-15,2,2,-18,-18,-18,-18,-18,-18,-18,-18,-18,-18,-18,-18,-18,-18,-18,-18,3,2,1,2,1,1,1217001,3,2,-20,1,8000,2,2,2,2,2,2,-22,-22,1,10010001,2,27,270040001,2,27,270040001,2,15,2,2,-23,-23,-23,-23,-23,-23,1,2,2,2,2,2,2,2,2,2,-24,2,-25,-25,-25,-25,-25,-25,-25,-25,-25,280320001,1,2,1,3,2,-28,-28,-28,-28,12000,2,1,2,2,2,2,2,-31,-31,0,2,1,2,2,-33,1,1,1,4,1,48,48215,4821545384,4,1,3,1,2,2,2,2,2,2,-37,-37,-37,2,2,2,2,1,5,1,1,2,4,2,-38,48,48215,4821545384,1,5,2,-41,-41,-41,-41,-41,-41,-41,2,0,-42,-42,-42,1,0,-43,-43,-43,-43,1,-46,-46,10,2022,0,0,-49,1,-50,-50,4,0,1
23711,182211,1,4,1,1,2,24,1,2,3,-2,2,2,6,2,1,2,1,5,1,4,0,3,2,1,1,5,1,2,-6,-6,-6,-6,2,2,2,2,3,8,811,99,0,-9,-9,-9,-9,-9,-9,-9,-9,-9,-9,777,7,1,-15,2,2,-18,-18,-18,-18,-18,-18,-18,-18,-18,-18,-18,-18,-18,-18,-18,-18,3,2,1,2,1,1,1217001,0,2,-20,1,10000,2,2,2,2,2,2,-22,-22,7,71010001,2,28,280320001,2,19,190390001,2,10,2,2,-23,-23,-23,-23,-23,-23,1,2,2,2,2,2,2,2,2,2,-24,2,-25,-25,-25,-25,-25,-25,-25,-25,-25,280270001,1,2,1,3,1,10000,2,6,1,11000,2,1,2,2,2,2,2,-31,-31,1,2,2,-32,2,-33,1,1,1,4,1,48,48479,4847941464,4,1,3,1,2,2,2,2,2,2,-37,-37,-37,2,2,2,2,2,5,1,1,2,4,2,-38,48,48479,4847941464,2,5,2,-41,-41,-41,-41,-41,-41,-41,2,0,-42,-42,-42,2,0,-43,-43,-43,-43,1,-46,-46,9,2022,0,0,-49,1,-50,-50,4,0,1
23611,182211,1,4,1,1,1,40,1,3,3,-2,2,2,2,2,1,1,-3,5,1,4,0,2,1,1,1,5,1,2,-6,-6,-6,-6,2,2,2,2,3,5,509,99,5,-11,-11,-11,-11,-11,-11,-11,6,6037,603744000,5,6,1,-15,1,-17,922,1,2,2,2,2,2,2,2,2,8,6,200,2,2,236,3,2,1,2,1,1,1217001,3,2,-20,1,10000,2,2,2,2,2,2,-22,-22,1,10010001,2,7,70890001,2,28,280320001,2,20,2,2,-23,-23,-23,-23,-23,-23,1,2,2,2,2,2,2,2,2,2,-24,2,-25,-25,-25,-25,-25,-25,-25,-25,-25,280320001,1,2,1,3,1,10000,2,6,1,10000,2,1,2,2,2,2,2,-31,-31,1,1,2,-32,2,-33,0,-34,-34,-34,-34,6,6037,603744000,4,4,3,1,2,2,2,2,2,2,-37,-37,-37,2,2,2,2,15,2,2,2,2,4,2,-38,6,6037,603744000,5,6,-40,-40,-40,-40,-40,-40,-40,-40,2,5,150,2,4,1,0,-43,-43,-43,-43,1,-46,-46,4,2017,0,0,-49,1,-50,-50,4,3,1
23211,182211,1,4,1,1,2,39,1,1,3,-2,2,2,6,2,1,2,1,5,2,2,1,1,2,1,1,5,1,2,-6,-6,-6,-6,1,2,2,2,3,5,503,1,0,-9,-9,-9,-9,-9,-9,-9,-9,-9,-9,777,7,2,6,-16,-16,-16,-16,-16,-16,-16,-16,-16,-16,-16,-16,-16,-16,-16,-16,-16,-16,2,2,1,96,1,1,1217001,3,2,-20,1,4500,2,2,2,2,2,2,-22,-22,7,70190001,2,9,90030001,2,11,110150001,2,20,2,2,-23,-23,-23,-23,-23,-23,1,2,2,2,2,2,2,2,2,2,-24,2,-25,-25,-25,-25,-25,-25,-25,-25,-25,280320001,2,2,1,2,1,4500,2,1,1,5000,2,1,2,2,2,2,2,-31,-31,3,2,2,-32,2,-33,2,2,1,1,2,48,48113,4811319000,4,4,2,2,2,2,2,2,2,2,-37,-37,-37,2,2,2,2,2,5,1,1,2,4,2,-38,48,48113,4811319000,2,5,2,-41,-41,-41,-41,-41,-41,-41,2,0,-42,-42,-42,1,0,-43,-43,-43,-43,1,-46,-46,9,2022,0,0,-49,1,-50,-50,4,0,1
23111,182211,1,4,1,1,1,45,1,3,3,-2,2,2,3,2,1,1,-3,3,1,2,0,2,1,1,3,5,3,1,1,1,1,2,1,2,2,2,3,7,701,1,5,-11,-11,-11,-11,-11,-11,-11,12,12005,1200509725,8,6,1,-15,1,-17,524,1,1,2,2,1,1,2,2,2,8,5,20,2,1,561,3,1,1,96,2,1,1217001,3,2,-20,1,6500,2,2,2,2,2,2,-22,-22,7,70740001,2,13,130080001,2,14,140060001,2,15,2,2,-23,-23,-23,-23,-23,-23,1,2,2,2,2,2,2,2,2,2,-24,2,-25,-25,-25,-25,-25,-25,-25,-25,-25,280320001,2,2,1,2,1,6500,2,1,1,6500,2,1,2,2,2,2,2,-31,-31,3,2,1,2,2,-33,0,-34,-34,-34,-34,12,12005,1200509725,4,4,2,2,2,2,2,2,2,2,-37,-37,-37,2,2,2,2,20,2,1,1,2,4,2,-38,12,12005,1200509725,8,6,-40,-40,-40,-40,-40,-40,-40,-40,2,10,150,4,96,1,0,-43,-43,-43,-43,1,-46,-46,7,2014,0,0,-49,1,-50,-50,4,7,1
16711,112211,1,4,1,1,2,25,1,3,2,-2,2,2,6,2,1,2,1,4,2,2,0,1,2,1,1,5,1,2,-6,-6,-6,-6,1,2,2,2,3,5,505,1,0,-9,-9,-9,-9,-9,-9,-9,-9,-9,-9,777,7,1,-15,2,2,-18,-18,-18,-18,-18,-18,-18,-18,-18,-18,-18,-18,-18,-18,-18,-18,2,2,1,96,1,1,1217001,3,2,-20,1,2500,2,2,2,2,2,2,-22,-22,7,70750001,2,19,190310001,2,19,190310001,2,24,2,2,-23,-23,-23,-23,-23,-23,1,2,2,2,2,2,2,2,2,2,-24,2,-25,-25,-25,-25,-25,-25,-25,-25,-25,280320001,2,2,1,2,1,2500,2,1,1,2500,2,1,2,2,2,2,2,-31,-31,3,2,2,-32,2,-33,0,-34,-34,-34,-34,48,48215,4821545384,4,4,2,2,2,2,2,2,2,2,-37,-37,-37,2,2,2,2,2,5,1,1,2,4,2,-38,48,48215,4821545384,2,5,2,-41,-41,-41,-41,-41,-41,-41,2,0,-42,-42,-42,1,0,-43,-43,-43,-43,1,-46,-46,9,2022,0,0,-49,1,-50,-50,3,0,1
16611,112211,1,4,1,1,1,39,1,3,3,-2,2,2,6,2,1,1,-3,6,2,4,0,2,1,3,3,3,3,1,2,1,1,2,1,2,2,2,3,11,1102,2,5,-11,-11,-11,-11,-11,-11,-11,4,4007,400728030,33,6,1,-15,2,2,-18,-18,-18,-18,-18,-18,-18,-18,-18,-18,-18,-18,-18,-18,-18,-18,2,2,1,96,2,1,1217001,3,2,-20,1,2000,2,2,2,2,2,2,-22,-22,7,70090001,2,9,90160001,2,19,190180001,2,25,2,2,-23,-23,-23,-23,-23,-23,1,2,2,2,2,2,2,2,2,2,-24,2,-25,-25,-25,-25,-25,-25,-25,-25,-25,280320001,2,2,1,2,1,3000,2,1,1,3000,2,1,2,2,2,2,2,-31,-31,3,2,1,2,2,-33,0,-34,-34,-34,-34,4,4007,400728030,4,4,2,2,2,2,2,2,2,2,-37,-37,-37,2,2,2,2,3,5,1,1,2,4,1,1,4,4007,400728030,33,6,1,712,8,5,20,2,1,236,2,0,-42,-42,-42,1,0,-43,-43,-43,-43,1,-46,-46,7,1989,0,0,-49,1,-50,-50,4,0,1
16511,112211,1,4,1,1,1,22,1,3,3,-2,2,2,3,2,6,2,2,4,1,3,0,1,2,1,0,5,0,-5,-5,-5,-5,-5,1,2,2,2,3,14,1405,1,5,-11,-11,-11,-11,-11,-11,-11,48,48225,4822517744,3,6,1,-15,1,-17,524,1,1,2,1,2,2,2,2,2,8,5,20,2,1,561,2,2,1,96,2,1,1217001,3,2,-20,1,6000,2,2,2,2,2,2,-22,-22,11,110070001,2,14,140060001,2,14,140060001,2,20,2,2,-23,-23,-23,-23,-23,-23,1,2,2,2,2,2,2,2,2,2,-24,2,-25,-25,-25,-25,-25,-25,-25,-25,-25,280320001,3,2,1,2,1,6000,2,1,1,6000,2,1,2,2,2,2,2,-31,-31,3,2,1,1,2,-33,0,-34,-34,-34,-34,48,48225,4822517744,4,4,2,2,2,2,2,2,2,2,-37,-37,-37,2,2,2,2,15,2,1,1,2,4,2,-38,48,48225,4822517744,3,6,-40,-40,-40,-40,-40,-40,-40,-40,2,0,-42,-42,-42,1,0,-43,-43,-43,-43,1,-46,-46,8,2019,0,0,-49,1,-50,-50,4,7,1
16211,112211,1,4,1,1,1,24,1,2,3,-2,2,2,6,2,6,2,2,5,1,4,0,3,2,1,0,5,0,-5,-5,-5,-5,-5,2,2,2,2,3,6,601,99,0,-9,-9,-9,-9,-9,-9,-9,-9,-9,-9,777,7,1,-15,2,2,-18,-18,-18,-18,-18,-18,-18,-18,-18,-18,-18,-18,-18,-18,-18,-18,3,2,1,2,1,1,1217001,3,2,-20,1,7000,2,2,2,2,2,2,-22,-22,1,10010001,2,7,70890001,2,1,10010001,2,20,2,2,-23,-23,-23,-23,-23,-23,1,2,2,2,2,2,2,2,2,2,-24,2,-25,-25,-25,-25,-25,-25,-25,-25,-25,280320001,1,2,1,3,1,2000,2,4,2,9000,2,1,2,2,2,2,2,-31,-31,1,1,2,-32,2,-33,0,-34,-34,-34,-34,48,48215,4821545384,4,4,3,2,2,2,2,2,2,1,2,2,2,2,2,2,2,1,5,2,2,2,4,2,-38,48,48215,4821545384,1,5,2,-41,-41,-41,-41,-41,-41,-41,2,0,-42,-42,-42,1,0,-43,-43,-43,-43,1,-46,-46,10,2022,0,0,-49,1,-50,-50,4,0,1
16111,112211,1,4,1,1,1,37,1,2,3,-2,2,2,3,2,1,1,-3,3,1,2,0,2,1,1,1,5,1,2,-6,-6,-6,-6,2,2,2,2,3,1,107,99,0,-9,-9,-9,-9,-9,-9,-9,-9,-9,-9,777,7,1,-15,2,2,-18,-18,-18,-18,-18,-18,-18,-18,-18,-18,-18,-18,-18,-18,-18,-18,3,2,1,2,1,1,1217001,3,2,-20,1,12000,2,2,2,2,2,2,-22,-22,7,71010001,2,4,40020001,2,7,71010001,2,15,2,2,-23,-23,-23,-23,-23,-23,1,2,2,2,2,2,2,2,2,2,-24,2,-25,-25,-25,-25,-25,-25,-25,-25,-25,280270001,1,2,1,3,1,12000,2,6,1,12000,2,1,2,2,2,2,2,-31,-31,1,2,1,2,2,-33,0,-34,-34,-34,-34,48,48479,4847941464,4,4,3,1,2,2,2,2,2,1,2,2,2,2,2,2,2,3,5,1,1,2,4,2,-38,48,48479,4847941464,3,5,2,-41,-41,-41,-41,-41,-41,-41,2,0,-42,-42,-42,1,0,-43,-43,-43,-43,1,-46,-46,8,2022,0,0,-49,1,-50,-50,4,0,1
5111,42211,1,4,1,1,1,25,1,2,2,-2,2,2,6,2,6,2,2,3,0,3,0,2,2,1,0,0,0,-5,-5,-5,-5,-5,1,2,2,2,3,8,801,99,0,-9,-9,-9,-9,-9,-9,-9,-9,-9,-9,777,7,1,-15,2,1,712,1,2,2,2,2,2,2,2,2,8,6,300,2,5,236,3,2,1,2,2,1,1217001,1,2,-20,2,-21,-21,1,2,2,2,2,-22,-22,7,70090001,2,99,999999999,99,7,70090001,2,15,2,2,-23,-23,-23,-23,-23,-23,1,2,2,2,2,2,2,2,2,2,-24,2,-25,-25,-25,-25,-25,-25,-25,-25,-25,280320001,5,2,1,1,2,-28,-28,-28,-28,3000,2,2,2,2,2,2,2,-31,-31,2,1,1,2,2,-33,0,-34,-34,-34,-34,6,6011,601114946,3,2,3,2,2,2,2,2,2,2,-37,-37,-37,2,2,2,2,25,2,1,1,2,4,2,-38,6,6011,601114946,30,2,2,-41,-41,-41,-41,-41,-41,-41,2,0,-42,-42,-42,2,0,-43,-43,-43,-43,1,-46,-46,10,2022,0,0,-49,1,-50,-50,3,3,1
4911,42211,1,4,1,1,1,30,1,3,2,-2,2,2,6,2,5,1,-3,2,0,2,0,2,1,1,1,1,0,-5,-5,-5,-5,-5,1,2,2,2,3,8,801,99,0,-9,-9,-9,-9,-9,-9,-9,-9,-9,-9,777,7,1,-15,2,2,-18,-18,-18,-18,-18,-18,-18,-18,-18,-18,-18,-18,-18,-18,-18,-18,3,2,1,2,1,1,1217001,1,2,-20,2,-21,-21,2,2,2,2,2,-22,-22,2,20041624,2,4,40040001,2,2,20041624,2,5,2,2,-23,-23,-23,-23,-23,-23,1,2,2,2,2,2,2,2,2,2,-24,2,-25,-25,-25,-25,-25,-25,-25,-25,-25,280320001,5,1,2,-27,2,-28,-28,-28,-28,3000,2,2,1,2,2,2,2,-31,-31,2,2,1,2,2,-33,0,-34,-34,-34,-34,6,6011,601114946,3,3,3,2,2,2,2,2,2,2,-37,-37,-37,2,2,2,2,1,5,1,1,2,4,2,-38,6,6011,601114946,1,5,2,-41,-41,-41,-41,-41,-41,-41,2,0,-42,-42,-42,1,-998,-998,-998,-998,-998,-998,-998,-998,-998,-998,-998,-998,-998,-998,-998,-998,3,0,1
4811,42211,1,4,1,1,1,30,1,3,3,-2,2,2,3,2,1,1,-3,4,1,3,0,2,1,1,1,5,1,2,-6,-6,-6,-6,2,2,2,2,3,5,517,99,5,-11,-11,-11,-11,-11,-11,-11,34,34017,3401703580,4,6,1,-15,2,2,-18,-18,-18,-18,-18,-18,-18,-18,-18,-18,-18,-18,-18,-18,-18,-18,3,2,1,2,1,1,1217001,3,2,-20,1,11000,2,2,2,2,2,2,-22,-22,1,10010001,2,7,70090001,2,7,70090001,2,10,2,2,-23,-23,-23,-23,-23,-23,1,2,2,2,2,2,2,2,2,2,-24,2,-25,-25,-25,-25,-25,-25,-25,-25,-25,280320001,1,2,1,3,2,-28,-28,-28,-28,11200,2,1,2,2,2,2,2,-31,-31,0,1,1,2,2,-33,0,-34,-34,-34,-34,34,34017,3401703580,4,4,3,1,2,2,2,2,2,2,-37,-37,-37,2,2,2,2,3,5,1,1,2,4,2,-38,34,34017,3401703580,4,6,1,751,8,6,12,2,1,311,2,5,50,2,4,1,0,-43,-43,-43,-43,1,-46,-46,2,2017,0,0,-49,1,-50,-50,4,0,1
4711,42211,1,4,1,1,2,30,1,3,2,-2,2,2,2,2,5,2,1,3,1,2,0,2,2,1,3,1,3,1,1,1,2,2,1,2,2,2,3,5,501,2,0,-9,-9,-9,-9,-9,-9,-9,-9,-9,-9,777,7,1,-15,2,2,-18,-18,-18,-18,-18,-18,-18,-18,-18,-18,-18,-18,-18,-18,-18,-18,3,2,1,2,1,1,1217001,1,2,-20,1,2000,2,2,2,2,2,2,-22,-22,8,80190001,2,7,70090001,2,7,70090001,2,5,2,2,-23,-23,-23,-23,-23,-23,1,2,2,2,2,2,2,2,2,2,-24,2,-25,-25,-25,-25,-25,-25,-25,-25,-25,280320001,5,2,1,3,1,2000,2,6,1,4000,2,1,1,2,2,2,2,-31,-31,2,2,1,1,2,-33,0,-34,-34,-34,-34,12,12079,1207942425,3,1,3,2,2,2,2,2,2,2,-37,-37,-37,2,2,2,2,6,5,1,1,2,4,2,-38,12,12079,1207942425,3,6,1,524,8,7,200,2,3,561,2,3,200,1,2,1,0,-43,-43,-43,-43,1,-46,-46,11,2019,0,0,-49,1,-50,-50,3,0,1
4611,42211,1,4,1,1,2,24,1,3,2,-2,2,2,6,2,6,1,-3,5,1,4,0,2,1,1,0,5,1,2,-6,-6,-6,-6,2,2,2,2,3,11,1101,99,0,-9,-9,-9,-9,-9,-9,-9,-9,-9,-9,777,7,1,-15,2,2,-18,-18,-18,-18,-18,-18,-18,-18,-18,-18,-18,-18,-18,-18,-18,-18,3,2,1,2,1,1,1217001,0,2,-20,1,13000,2,2,2,2,2,2,-22,-22,4,40020001,2,7,70890001,2,7,70890001,2,15,2,2,-23,-23,-23,-23,-23,-23,1,2,2,2,2,2,2,2,2,2,-24,2,-25,-25,-25,-25,-25,-25,-25,-25,-25,280320001,1,2,1,3,2,-28,-28,-28,-28,13000,2,1,2,2,2,2,2,-31,-31,0,2,2,-32,2,-33,1,1,1,4,1,48,48479,4847941464,4,1,3,2,2,2,2,2,2,1,2,2,2,2,2,2,2,2,5,1,1,2,4,2,-38,48,48479,4847941464,2,5,2,-41,-41,-41,-41,-41,-41,-41,2,0,-42,-42,-42,1,0,-43,-43,-43,-43,1,-46,-46,8,2022,0,0,-49,1,-50,-50,3,0,1
31710,282210,1,4,1,1,1,43,1,3,2,-2,2,2,3,2,6,1,-3,2,0,2,0,1,1,1,0,5,3,1,3,1,1,2,1,2,2,2,3,12,1203,1,5,-11,-11,-11,-11,-11,-11,-11,22,22001,2200118650,7,6,1,-15,2,2,-18,-18,-18,-18,-18,-18,-18,-18,-18,-18,-18,-18,-18,-18,-18,-18,2,2,1,96,2,1,1217001,3,2,-20,1,6000,2,2,2,2,2,2,-22,-22,7,70400001,2,9,90100001,2,9,90100001,2,25,2,2,-23,-23,-23,-23,-23,-23,1,2,2,2,2,2,2,2,2,2,-24,2,-25,-25,-25,-25,-25,-25,-25,-25,-25,50250001,2,2,1,2,1,6000,2,1,1,6000,2,1,2,2,2,2,2,-31,-31,3,2,2,-32,2,-33,0,-34,-34,-34,-34,22,22001,2200118650,4,4,2,2,2,2,2,2,2,2,-37,-37,-37,2,2,2,2,2,5,1,1,2,4,2,-38,22,22001,2200118650,7,6,1,713,7,5,10,2,1,238,2,10,100,6,96,1,0,-43,-43,-43,-43,1,-46,-46,9,2016,0,0,-49,1,-50,-50,3,0,1
31610,282210,1,4,1,1,1,25,1,2,2,-2,2,2,6,2,1,1,-3,4,2,2,0,1,1,1,1,5,1,2,-6,-6,-6,-6,1,2,2,2,3,14,1401,1,0,-9,-9,-9,-9,-9,-9,-9,-9,-9,-9,777,7,1,-15,2,2,-18,-18,-18,-18,-18,-18,-18,-18,-18,-18,-18,-18,-18,-18,-18,-18,2,2,1,96,1,1,1217001,3,2,-20,1,1500,2,2,2,2,2,2,-22,-22,9,90060001,2,11,110070001,2,11,110070001,2,20,2,2,-23,-23,-23,-23,-23,-23,1,2,2,2,2,2,2,2,2,2,-24,2,-25,-25,-25,-25,-25,-25,-25,-25,-25,280320001,2,2,1,2,1,1500,2,1,1,1500,2,1,2,2,2,2,2,-31,-31,3,2,2,-32,2,-33,0,-34,-34,-34,-34,48,48215,4821545384,4,4,3,2,2,2,2,2,2,2,-37,-37,-37,2,2,2,2,2,5,1,1,2,4,2,-38,48,48215,4821545384,2,5,2,-41,-41,-41,-41,-41,-41,-41,2,0,-42,-42,-42,1,0,-43,-43,-43,-43,1,-46,-46,8,2022,0,0,-49,1,-50,-50,3,0,1
31510,282210,1,4,1,1,2,35,1,1,3,-2,2,2,6,2,1,2,1,3,1,2,0,1,2,1,1,5,1,2,-6,-6,-6,-6,1,2,2,2,3,13,1303,2,0,-9,-9,-9,-9,-9,-9,-9,-9,-9,-9,777,7,2,6,-16,-16,-16,-16,-16,-16,-16,-16,-16,-16,-16,-16,-16,-16,-16,-16,-16,-16,2,2,1,96,2,1,1217001,3,2,-20,1,2500,2,2,2,2,2,2,-22,-22,7,70970001,2,14,140060001,2,14,140060001,2,22,2,2,-23,-23,-23,-23,-23,-23,1,2,2,2,2,2,2,2,2,2,-24,2,-25,-25,-25,-25,-25,-25,-25,-25,-25,280320001,4,2,1,2,1,2500,2,1,1,2500,2,1,2,2,2,2,2,-31,-31,3,2,2,-32,2,-33,1,1,1,1,1,48,48215,4821545384,4,4,2,2,2,2,2,2,2,2,-37,-37,-37,2,2,2,2,2,5,1,1,2,4,2,-38,48,48215,4821545384,2,5,2,-41,-41,-41,-41,-41,-41,-41,2,0,-42,-42,-42,1,0,-43,-43,-43,-43,1,-46,-46,8,2022,0,0,-49,1,-50,-50,4,0,1
31410,282210,1,4,1,1,2,23,1,1,3,-2,2,2,6,2,6,2,2,3,1,2,0,1,2,1,0,5,1,2,-6,-6,-6,-6,1,2,2,2,3,6,605,1,0,-9,-9,-9,-9,-9,-9,-9,-9,-9,-9,777,7,1,-15,2,2,-18,-18,-18,-18,-18,-18,-18,-18,-18,-18,-18,-18,-18,-18,-18,-18,2,2,1,96,2,1,1217001,3,2,-20,1,3500,2,2,2,2,2,2,-22,-22,7,70520001,2,9,90140001,2,9,90140001,2,25,2,2,-23,-23,-23,-23,-23,-23,2,2,2,2,2,2,2,2,2,2,-24,2,-25,-25,-25,-25,-25,-25,-25,-25,-25,280320001,2,2,1,2,1,4000,2,1,1,4000,2,1,2,2,2,2,2,-31,-31,3,2,2,-32,2,-33,1,1,1,1,1,48,48215,4821545384,4,4,2,2,2,2,2,2,2,2,-37,-37,-37,2,2,2,2,2,5,1,1,2,4,2,-38,48,48215,4821545384,2,5,2,-41,-41,-41,-41,-41,-41,-41,2,0,-42,-42,-42,1,0,-43,-43,-43,-43,1,-46,-46,8,2022,0,0,-49,1,-50,-50,4,0,1
31110,282210,1,4,1,1,1,30,1,3,3,-2,2,2,6,2,5,1,-3,5,1,4,0,1,1,1,1,1,1,2,-6,-6,-6,-6,2,2,2,2,3,5,509,99,5,-11,-11,-11,-11,-11,-11,-11,6,6037,603744000,3,6,1,-15,2,2,-18,-18,-18,-18,-18,-18,-18,-18,-18,-18,-18,-18,-18,-18,-18,-18,3,2,1,2,1,1,1217001,3,2,-20,2,-21,-21,2,2,2,2,2,-22,-22,7,70890001,2,1,10010001,2,7,70890001,2,15,2,2,-23,-23,-23,-23,-23,-23,1,2,2,2,2,2,2,2,2,2,-24,2,-25,-25,-25,-25,-25,-25,-25,-25,-25,280320001,1,2,1,2,1,2000,2,4,2,8000,2,1,2,2,2,2,2,-31,-31,0,2,2,-32,2,-33,0,-34,-34,-34,-34,6,6037,603744000,4,3,3,2,2,2,2,2,2,2,-37,-37,-37,2,2,2,2,1,5,2,2,2,4,1,4,6,6037,603744000,3,6,1,712,8,7,200,2,2,236,2,20,500,2,4,1,0,-43,-43,-43,-43,1,-46,-46,3,2019,0,0,-49,1,-50,-50,4,0,1
31010,282210,1,4,1,1,1,42,1,3,3,-2,2,2,3,2,5,1,-3,4,2,2,0,2,1,1,3,5,3,1,2,1,2,3,2,2,2,2,3,6,614,99,5,-11,-11,-11,-11,-11,-11,-11,6,6037,603744000,22,6,1,-15,2,2,-18,-18,-18,-18,-18,-18,-18,-18,-18,-18,-18,-18,-18,-18,-18,-18,3,2,1,2,1,1,1217001,0,2,-20,1,10000,2,2,2,2,2,2,-22,-22,7,71010001,2,28,280320001,2,28,280320001,2,10,2,2,-23,-23,-23,-23,-23,-23,1,2,2,2,2,2,2,2,2,2,-24,2,-25,-25,-25,-25,-25,-25,-25,-25,-25,280320001,3,2,1,3,1,10000,2,6,1,10300,2,1,2,2,2,2,2,-31,-31,0,2,1,2,2,-33,0,-34,-34,-34,-34,6,6037,603744000,1,3,3,2,2,2,2,2,2,1,2,2,2,2,2,2,2,1,5,2,2,2,4,2,-38,6,6037,603744000,22,6,1,922,7,6,2000,2,3,236,2,5,50,4,2,1,0,-43,-43,-43,-43,1,-46,-46,2,2000,0,0,-49,1,-50,-50,4,0,1
30910,282210,1,4,1,1,1,20,1,3,2,-2,2,2,6,2,6,2,2,5,1,4,0,2,2,1,0,5,0,-5,-5,-5,-5,-5,2,2,2,2,3,6,603,99,0,-9,-9,-9,-9,-9,-9,-9,-9,-9,-9,777,7,1,-15,2,2,-18,-18,-18,-18,-18,-18,-18,-18,-18,-18,-18,-18,-18,-18,-18,-18,3,2,1,2,1,1,1217001,3,2,-20,1,8000,2,2,2,2,2,2,-22,-22,1,10010001,2,7,70890001,2,1,10010001,2,15,2,2,-23,-23,-23,-23,-23,-23,1,2,2,2,2,2,2,2,2,2,-24,2,-25,-25,-25,-25,-25,-25,-25,-25,-25,280270001,5,2,1,3,1,8000,2,6,1,8000,2,1,2,2,2,2,2,-31,-31,0,2,1,2,2,-33,0,-34,-34,-34,-34,48,48479,4847941464,4,4,3,2,2,2,2,2,2,1,2,2,2,2,2,2,2,1,5,2,2,2,4,2,-38,48,48479,4847941464,1,5,2,-41,-41,-41,-41,-41,-41,-41,2,0,-42,-42,-42,1,0,-43,-43,-43,-43,1,-46,-46,9,2022,0,0,-49,1,-50,-50,3,0,1
30810,282210,1,4,1,1,2,24,1,2,3,-2,2,2,6,2,1,2,1,3,1,2,0,1,2,1,1,5,1,2,-6,-6,-6,-6,2,2,2,2,3,12,1202,99,0,-9,-9,-9,-9,-9,-9,-9,-9,-9,-9,777,7,1,-15,2,2,-18,-18,-18,-18,-18,-18,-18,-18,-18,-18,-18,-18,-18,-18,-18,-18,3,2,1,2,1,1,1217001,3,2,-20,1,11000,2,2,2,2,2,2,-22,-22,7,70090001,2,19,190390001,2,7,70090001,2,20,2,2,-23,-23,-23,-23,-23,-23,1,2,2,2,2,2,2,2,2,2,-24,2,-25,-25,-25,-25,-25,-25,-25,-25,-25,280270001,2,2,1,3,1,11000,2,6,1,11500,2,1,2,2,2,2,2,-31,-31,0,1,2,-32,2,-33,1,1,1,4,1,48,48479,4847941464,4,4,3,2,2,2,2,2,2,1,2,2,2,2,2,2,2,1,5,2,1,2,4,2,-38,48,48479,4847941464,1,5,2,-41,-41,-41,-41,-41,-41,-41,2,0,-42,-42,-42,1,0,-43,-43,-43,-43,1,-46,-46,9,2022,0,0,-49,1,-50,-50,4,0,1
19710,212210,1,4,1,1,2,23,1,3,2,-2,2,2,6,2,1,2,1,3,1,2,0,1,2,1,1,5,1,2,-6,-6,-6,-6,1,2,2,2,3,11,1101,1,0,-9,-9,-9,-9,-9,-9,-9,-9,-9,-9,777,7,1,-15,2,2,-18,-18,-18,-18,-18,-18,-18,-18,-18,-18,-18,-18,-18,-18,-18,-18,2,2,1,96,1,1,1217001,3,2,-20,1,2000,2,2,2,2,2,2,-22,-22,7,70890001,2,19,190390001,2,19,190390001,2,20,2,2,-23,-23,-23,-23,-23,-23,1,2,2,2,2,2,2,2,2,2,-24,2,-25,-25,-25,-25,-25,-25,-25,-25,-25,280320001,4,2,1,2,1,2000,2,1,1,2000,2,1,2,2,2,2,2,-31,-31,3,2,2,-32,2,-33,1,1,1,1,1,48,48215,4821545384,4,4,2,2,2,2,2,2,2,2,-37,-37,-37,2,2,2,2,2,5,1,1,2,4,2,-38,48,48215,4821545384,2,5,2,-41,-41,-41,-41,-41,-41,-41,2,0,-42,-42,-42,1,0,-43,-43,-43,-43,1,-46,-46,8,2022,0,0,-49,1,-50,-50,3,0,1
19610,212210,1,4,1,1,1,45,1,3,1,1,2,2,6,2,1,1,-3,4,2,2,0,1,1,1,1,5,1,2,-6,-6,-6,-6,1,2,2,2,3,12,1208,1,0,-9,-9,-9,-9,-9,-9,-9,-9,-9,-9,777,7,1,-15,2,2,-18,-18,-18,-18,-18,-18,-18,-18,-18,-18,-18,-18,-18,-18,-18,-18,2,2,1,96,1,1,1217001,0,2,-20,1,5000,2,2,2,2,2,2,-22,-22,7,70690001,2,9,90030001,2,9,90030001,2,25,2,2,-23,-23,-23,-23,-23,-23,1,2,2,2,2,2,2,2,2,2,-24,2,-25,-25,-25,-25,-25,-25,-25,-25,-25,280320001,5,2,1,2,1,5000,2,1,1,6000,2,1,2,2,2,2,2,-31,-31,3,2,2,-32,2,-33,3,2,1,1,3,48,48113,4811319000,4,4,2,2,2,2,2,2,2,2,-37,-37,-37,2,2,2,2,2,5,1,1,2,4,2,-38,48,48113,4811319000,2,5,2,-41,-41,-41,-41,-41,-41,-41,2,0,-42,-42,-42,1,0,-43,-43,-43,-43,1,-46,-46,8,2022,0,0,-49,1,-50,-50,1,0,1
19510,212210,1,4,1,1,1,33,1,3,3,-2,2,2,3,2,1,1,-3,5,3,2,0,1,1,1,3,5,3,1,3,1,2,2,1,2,2,2,3,2,207,2,5,-11,-11,-11,-11,-11,-11,-11,6,6075,607567000,20,6,1,-15,1,-17,922,1,2,2,1,2,1,2,2,2,8,5,20,2,1,236,2,2,1,96,2,1,1217001,3,2,-20,1,7000,2,2,2,2,2,2,-22,-22,7,70400001,2,11,110070001,2,11,110070001,2,25,2,2,-23,-23,-23,-23,-23,-23,1,2,2,2,2,2,2,2,2,2,-24,2,-25,-25,-25,-25,-25,-25,-25,-25,-25,280320001,3,2,1,2,1,7000,2,6,1,7000,2,1,2,2,2,2,2,-31,-31,3,2,1,2,2,-33,0,-34,-34,-34,-34,6,6075,607567000,4,4,2,2,2,2,2,2,2,2,-37,-37,-37,2,2,2,2,15,2,1,1,2,4,2,-38,6,6075,607567000,20,6,-40,-40,-40,-40,-40,-40,-40,-40,2,15,150,4,96,1,0,-43,-43,-43,-43,1,-46,-46,7,2002,0,0,-49,1,-50,-50,4,3,1
19410,212210,1,4,1,1,1,38,1,3,2,-2,2,2,6,2,1,1,-3,4,2,2,0,1,1,1,1,5,1,2,-6,-6,-6,-6,1,2,2,2,3,12,1201,1,0,-9,-9,-9,-9,-9,-9,-9,-9,-9,-9,777,7,1,-15,2,2,-18,-18,-18,-18,-18,-18,-18,-18,-18,-18,-18,-18,-18,-18,-18,-18,2,2,1,96,2,1,1217001,0,2,-20,1,3500,2,2,2,2,2,2,-22,-22,7,70740001,2,9,90140001,2,9,90140001,2,22,2,2,-23,-23,-23,-23,-23,-23,1,2,2,2,2,2,2,2,2,2,-24,2,-25,-25,-25,-25,-25,-25,-25,-25,-25,280320001,5,2,1,2,1,3500,2,1,1,4000,2,1,2,2,2,2,2,-31,-31,3,2,2,-32,2,-33,0,-34,-34,-34,-34,48,48215,4821545384,4,4,2,2,2,2,2,2,2,2,-37,-37,-37,2,2,2,2,2,5,1,1,2,4,2,-38,48,48215,4821545384,2,5,2,-41,-41,-41,-41,-41,-41,-41,2,0,-42,-42,-42,1,0,-43,-43,-43,-43,1,-46,-46,8,2022,0,0,-49,1,-50,-50,3,0,1
19110,212210,1,4,1,1,2,19,1,3,3,-2,2,2,6,2,1,2,1,7,2,5,0,3,2,1,3,1,1,2,-6,-6,-6,-6,1,2,2,2,3,10,1001,99,0,-9,-9,-9,-9,-9,-9,-9,-9,-9,-9,777,7,2,6,-16,-16,-16,-16,-16,-16,-16,-16,-16,-16,-16,-16,-16,-16,-16,-16,-16,-16,2,2,3,1,1,1,1217001,3,2,-20,1,9000,2,2,2,2,2,2,-22,-22,7,71010001,2,28,280320001,2,28,280320001,2,10,2,2,-23,-23,-23,-23,-23,-23,1,2,2,2,2,2,2,2,2,2,-24,2,-25,-25,-25,-25,-25,-25,-25,-25,-25,280320001,2,1,2,-27,1,9000,2,6,1,9500,2,1,2,2,2,2,2,-31,-31,0,4,1,2,2,-33,1,1,1,4,1,48,48215,4821545384,4,4,3,1,2,2,2,2,2,1,2,2,2,1,2,2,2,1,5,2,2,2,4,2,-38,48,48215,4821545384,1,5,2,-41,-41,-41,-41,-41,-41,-41,2,0,-42,-42,-42,1,0,-43,-43,-43,-43,1,-46,-46,9,2022,0,0,-49,1,-50,-50,4,0,1
19010,212210,1,4,1,1,2,22,1,2,3,-2,2,2,6,2,1,2,1,4,1,3,0,2,2,1,1,5,1,2,-6,-6,-6,-6,1,2,2,2,3,13,1307,99,0,-9,-9,-9,-9,-9,-9,-9,-9,-9,-9,777,7,1,-15,2,2,-18,-18,-18,-18,-18,-18,-18,-18,-18,-18,-18,-18,-18,-18,-18,-18,2,2,1,3,1,1,1217001,0,2,-20,1,7000,2,2,2,2,2,2,-22,-22,7,70890001,2,19,190390001,2,19,190390001,2,10,2,2,-23,-23,-23,-23,-23,-23,1,2,2,2,2,2,2,2,2,2,-24,2,-25,-25,-25,-25,-25,-25,-25,-25,-25,280270001,1,2,1,3,1,4000,2,3,2,11000,2,1,2,2,2,2,2,-31,-31,0,2,1,2,2,-33,1,1,1,4,1,48,48479,4847941464,4,4,3,2,2,2,2,2,2,1,2,2,2,2,2,2,2,1,5,2,2,2,4,2,-38,48,48479,4847941464,1,5,2,-41,-41,-41,-41,-41,-41,-41,2,0,-42,-42,-42,1,0,-43,-43,-43,-43,1,-46,-46,9,2022,0,0,-49,1,-50,-50,4,0,1
18910,212210,1,4,1,1,1,30,1,2,2,-2,2,2,6,2,1,1,-3,4,1,3,0,1,1,1,1,5,1,2,-6,-6,-6,-6,1,2,2,2,3,12,1208,99,0,-9,-9,-9,-9,-9,-9,-9,-9,-9,-9,777,7,1,-15,2,2,-18,-18,-18,-18,-18,-18,-18,-18,-18,-18,-18,-18,-18,-18,-18,-18,3,2,1,2,97,1,1217001,3,2,-20,1,8000,2,2,2,2,2,2,-22,-22,7,71010001,2,1,10010001,2,1,10010001,2,8,2,2,-23,-23,-23,-23,-23,-23,1,2,2,2,2,2,2,2,2,2,-24,2,-25,-25,-25,-25,-25,-25,-25,-25,-25,280320001,1,2,1,3,1,5000,2,4,2,13000,2,1,2,2,2,2,2,-31,-31,1,2,2,-32,2,-33,0,-34,-34,-34,-34,48,48215,4821545384,4,4,3,1,2,2,2,2,2,1,2,2,2,2,2,2,2,1,5,2,2,2,4,2,-38,48,48215,4821545384,1,5,2,-41,-41,-41,-41,-41,-41,-41,2,0,-42,-42,-42,1,0,-43,-43,-43,-43,1,-46,-46,9,2022,0,0,-49,1,-50,-50,3,0,1
18810,212210,1,4,1,1,1,40,1,3,3,-2,2,2,3,2,5,1,-3,1,-4,-4,-4,-4,-4,1,3,5,3,2,-6,-6,-6,-6,2,2,2,2,3,6,601,99,5,-11,-11,-11,-11,-11,-11,-11,6,6037,603744000,12,6,1,-15,2,2,-18,-18,-18,-18,-18,-18,-18,-18,-18,-18,-18,-18,-18,-18,-18,-18,3,2,1,2,1,1,1217001,3,2,-20,1,12000,2,1,1,2,2,2,-22,-22,7,71010001,2,28,280320001,2,28,280320001,2,15,2,2,-23,-23,-23,-23,-23,-23,1,2,2,2,2,2,2,2,2,2,-24,2,-25,-25,-25,-25,-25,-25,-25,-25,-25,280320001,1,2,1,3,1,12000,2,6,1,12500,2,1,2,2,2,2,2,-31,-31,1,2,1,2,2,-33,0,-34,-34,-34,-34,6,6037,603744000,2,4,3,1,2,2,2,2,2,2,-37,-37,-37,2,2,2,2,20,2,2,1,2,4,2,-38,6,6037,603744000,12,6,1,922,9,5,27,2,1,236,2,0,-42,-42,-42,1,0,-43,-43,-43,-43,1,-46,-46,1,2009,0,0,-49,1,-50,-50,4,0,1
13110,142210,1,4,1,1,2,24,1,3,3,-2,2,2,6,2,6,2,2,2,0,2,0,2,2,1,0,5,0,-5,-5,-5,-5,-5,1,2,2,2,3,9,901,1,0,-9,-9,-9,-9,-9,-9,-9,-9,-9,-9,777,7,1,-15,2,2,-18,-18,-18,-18,-18,-18,-18,-18,-18,-18,-18,-18,-18,-18,-18,-18,3,2,1,2,1,1,1217001,0,2,-20,1,8000,2,2,2,2,2,2,-22,-22,7,71010001,2,28,280320001,2,28,280320001,2,10,2,2,-23,-23,-23,-23,-23,-23,1,2,2,2,2,2,2,2,2,2,-24,2,-25,-25,-25,-25,-25,-25,-25,-25,-25,280320001,2,2,1,3,1,9000,2,6,1,9000,2,1,2,2,2,2,2,-31,-31,1,2,1,2,2,-33,0,-34,-34,-34,-34,48,48215,4821545384,4,1,3,1,2,2,2,2,2,1,2,2,2,2,2,2,2,1,5,1,2,2,4,2,-38,48,48215,4821545384,1,5,2,-41,-41,-41,-41,-41,-41,-41,2,0,-42,-42,-42,1,0,-43,-43,-43,-43,1,-46,-46,9,2022,0,0,-49,1,-50,-50,4,0,1
13010,142210,1,4,1,1,1,30,1,3,3,-2,2,2,6,2,5,1,-3,4,0,3,0,1,1,1,3,5,3,1,1,1,2,3,2,2,2,2,3,5,503,99,5,-11,-11,-11,-11,-11,-11,-11,6,6037,603744000,12,6,1,-15,2,2,-18,-18,-18,-18,-18,-18,-18,-18,-18,-18,-18,-18,-18,-18,-18,-18,3,2,1,2,1,1,1217001,3,2,-20,1,7500,2,2,2,2,2,2,-22,-22,7,71010001,2,27,270040001,2,7,71010001,2,15,2,2,-23,-23,-23,-23,-23,-23,1,2,1,2,2,2,2,2,2,2,-24,2,-25,-25,-25,-25,-25,-25,-25,-25,-25,280320001,5,2,1,3,1,7500,2,6,1,7500,2,1,2,2,2,2,2,-31,-31,1,2,1,2,2,-33,0,-34,-34,-34,-34,6,6037,603744000,4,4,3,1,2,2,2,2,2,2,-37,-37,-37,2,2,2,2,2,5,1,1,2,4,2,-38,6,6037,603744000,12,6,1,922,6,6,2500,2,5,236,2,0,-42,-42,-42,1,0,-43,-43,-43,-43,1,-46,-46,4,2004,0,0,-49,1,-50,-50,4,0,1
12910,142210,1,4,1,1,1,32,1,3,3,-2,2,2,6,2,6,1,-3,1,-4,-4,-4,-4,-4,5,0,3,1,2,-6,-6,-6,-6,1,2,2,2,3,2,210,99,0,-9,-9,-9,-9,-9,-9,-9,-9,-9,-9,777,7,1,-15,2,2,-18,-18,-18,-18,-18,-18,-18,-18,-18,-18,-18,-18,-18,-18,-18,-18,3,2,1,2,1,1,1217001,3,2,-20,2,-21,-21,2,2,2,2,2,-22,-22,7,70890001,2,28,280320001,2,7,70890001,2,8,2,2,-23,-23,-23,-23,-23,-23,1,2,2,2,2,2,2,2,2,2,-24,2,-25,-25,-25,-25,-25,-25,-25,-25,-25,280320001,1,2,1,2,2,-28,-28,-28,-28,1000,2,2,2,2,2,2,2,-31,-31,0,2,1,2,2,-33,0,-34,-34,-34,-34,48,48479,4847941464,4,1,3,1,2,2,2,2,2,1,2,2,2,2,2,2,2,1,5,2,2,2,4,2,-38,48,48479,4847941464,1,5,2,-41,-41,-41,-41,-41,-41,-41,2,0,-42,-42,-42,1,0,-43,-43,-43,-43,1,-46,-46,9,2022,0,0,-49,1,-50,-50,4,0,1
12810,142210,1,4,1,1,1,36,1,2,2,-2,2,2,6,2,1,1,-3,4,2,2,0,1,1,1,1,1,1,2,-6,-6,-6,-6,1,2,2,2,3,12,1201,1,5,-11,-11,-11,-11,-11,-11,-11,6,6037,603744000,4,6,1,-15,2,2,-18,-18,-18,-18,-18,-18,-18,-18,-18,-18,-18,-18,-18,-18,-18,-18,3,2,1,2,1,1,1217001,3,2,-20,1,7000,2,2,2,2,2,2,-22,-22,7,70890001,2,1,10010001,2,1,10010001,2,6,2,2,-23,-23,-23,-23,-23,-23,1,2,2,2,2,2,2,2,2,2,-24,2,-25,-25,-25,-25,-25,-25,-25,-25,-25,280320001,1,2,1,3,1,7000,2,6,1,9500,2,1,2,2,2,2,2,-31,-31,0,2,1,2,2,-33,0,-34,-34,-34,-34,6,6037,603744000,1,4,3,1,2,2,2,2,2,2,-37,-37,-37,2,2,2,2,1,6,1,1,1,2,2,-38,6,6037,603744000,4,6,1,922,20,7,1600,2,3,236,2,3,100,2,4,1,0,-43,-43,-43,-43,1,-46,-46,10,2016,0,0,-49,1,-50,-50,3,0,1
12510,142210,1,4,1,1,2,25,1,3,2,-2,2,2,6,2,1,2,1,4,2,2,0,1,2,1,1,5,1,2,-6,-6,-6,-6,1,2,2,2,3,8,803,1,0,-9,-9,-9,-9,-9,-9,-9,-9,-9,-9,777,7,2,6,-16,-16,-16,-16,-16,-16,-16,-16,-16,-16,-16,-16,-16,-16,-16,-16,-16,-16,2,2,1,96,2,1,1217001,3,2,-20,1,2000,2,2,2,2,2,2,-22,-22,7,70890001,2,7,70400001,2,7,70400001,2,1,5,2,-23,-23,-23,-23,-23,-23,1,2,2,2,2,2,2,2,2,2,-24,2,-25,-25,-25,-25,-25,-25,-25,-25,-25,280320001,2,2,1,2,1,2000,2,1,1,2500,2,1,2,2,2,2,2,-31,-31,3,2,2,-32,2,-33,0,-34,-34,-34,-34,48,48215,4821545384,4,4,1,2,2,2,2,2,2,2,-37,-37,-37,2,2,2,2,2,5,1,1,2,4,2,-38,48,48215,4821545384,2,5,2,-41,-41,-41,-41,-41,-41,-41,2,0,-42,-42,-42,1,0,-43,-43,-43,-43,1,-46,-46,8,2022,0,0,-49,1,-50,-50,3,0,1
12410,142210,1,4,1,1,1,40,1,3,3,-2,2,2,6,2,1,1,-3,4,1,3,0,1,1,1,1,5,1,2,-6,-6,-6,-6,1,2,2,2,3,14,1412,1,0,-9,-9,-9,-9,-9,-9,-9,-9,-9,-9,777,7,1,-15,2,2,-18,-18,-18,-18,-18,-18,-18,-18,-18,-18,-18,-18,-18,-18,-18,-18,1,2,1,96,2,1,1217001,0,2,-20,1,5000,2,2,2,2,2,2,-22,-22,7,70650001,2,9,90030001,2,9,90030001,2,20,2,2,-23,-23,-23,-23,-23,-23,1,2,2,2,2,2,2,2,2,2,-24,2,-25,-25,-25,-25,-25,-25,-25,-25,-25,280320001,4,2,1,2,1,5000,2,6,1,6000,2,1,2,2,2,2,2,-31,-31,3,2,2,-32,2,-33,0,-34,-34,-34,-34,48,48113,4811319000,4,4,2,2,2,2,2,2,2,2,-37,-37,-37,2,2,2,2,2,5,1,1,2,4,2,-38,48,48113,4811319000,2,5,2,-41,-41,-41,-41,-41,-41,-41,2,0,-42,-42,-42,1,0,-43,-43,-43,-43,1,-46,-46,8,2022,0,0,-49,1,-50,-50,4,0,1
12310,142210,1,4,1,1,1,35,1,3,2,-2,2,2,3,2,5,1,-3,4,2,2,0,1,2,5,5,5,3,1,2,1,1,2,1,2,2,2,3,13,1303,2,5,-11,-11,-11,-11,-11,-11,-11,36,36005,3600551000,22,6,1,-15,1,-17,524,1,1,2,2,2,1,2,2,2,8,5,20,2,1,113,2,2,1,96,2,1,1217001,3,2,-20,1,6000,2,2,2,2,2,2,-22,-22,7,70690001,2,19,190390001,2,19,190390001,2,25,2,2,-23,-23,-23,-23,-23,-23,1,2,2,2,2,2,2,2,2,2,-24,2,-25,-25,-25,-25,-25,-25,-25,-25,-25,280320001,4,2,1,2,1,6000,2,6,1,6000,2,1,2,2,2,2,2,-31,-31,3,2,1,1,2,-33,0,-34,-34,-34,-34,36,36005,3600551000,4,4,2,2,2,2,2,2,2,2,-37,-37,-37,2,2,2,2,11,2,1,1,2,4,2,-38,36,36005,3600551000,22,6,-40,-40,-40,-40,-40,-40,-40,-40,2,10,100,4,96,1,0,-43,-43,-43,-43,1,-46,-46,8,2000,0,0,-49,1,-50,-50,3,7,1
12210,142210,1,4,1,1,1,44,1,3,2,-2,2,2,6,2,5,1,-3,4,2,2,0,1,1,1,3,5,3,1,2,1,2,3,1,2,2,2,3,1,101,2,5,-11,-11,-11,-11,-11,-11,-11,51,51510,5151001000,18,6,1,-15,1,-17,922,1,1,2,2,1,1,2,2,2,8,5,20,2,1,236,2,2,1,96,2,1,1217001,3,2,-20,1,5000,2,2,2,2,2,2,-22,-22,7,70740001,2,19,190390001,2,19,190390001,2,25,2,2,-23,-23,-23,-23,-23,-23,1,2,2,2,2,2,2,2,2,2,-24,2,-25,-25,-25,-25,-25,-25,-25,-25,-25,280320001,2,2,1,2,1,5000,2,1,1,5000,2,1,2,2,2,2,2,-31,-31,3,2,1,2,2,-33,0,-34,-34,-34,-34,51,51510,5151001000,4,4,2,2,2,2,2,2,2,2,-37,-37,-37,2,2,2,2,15,2,1,1,2,4,2,-38,51,51510,5151001000,18,6,-40,-40,-40,-40,-40,-40,-40,-40,2,15,100,4,2,1,0,-43,-43,-43,-43,1,-46,-46,6,2005,0,0,-49,1,-50,-50,3,3,1
8010,122210,1,4,1,1,2,25,1,3,2,-2,2,2,6,2,1,2,1,3,1,2,0,1,2,1,1,5,1,2,-6,-6,-6,-6,1,2,2,2,3,5,505,1,0,-9,-9,-9,-9,-9,-9,-9,-9,-9,-9,777,7,1,-15,2,6,-18,-18,-18,-18,-18,-18,-18,-18,-18,-18,-18,-18,-18,-18,-18,-18,2,2,1,96,2,1,1217001,3,2,-20,1,2000,2,2,2,2,2,2,-22,-22,7,70890001,2,7,70650001,2,7,70650001,2,20,2,2,-23,-23,-23,-23,-23,-23,1,2,2,2,2,2,2,2,2,2,-24,2,-25,-25,-25,-25,-25,-25,-25,-25,-25,280320001,2,2,1,2,1,2000,2,1,1,3000,2,1,2,2,2,2,2,-31,-31,3,2,2,-32,2,-33,1,1,1,1,1,48,48215,4821545384,4,4,2,2,2,2,2,2,2,2,-37,-37,-37,2,2,2,2,2,5,1,1,2,4,2,-38,48,48215,4821545384,2,5,2,-41,-41,-41,-41,-41,-41,-41,2,0,-42,-42,-42,1,0,-43,-43,-43,-43,1,-46,-46,8,2022,0,0,-49,1,-50,-50,3,0,1
7910,122210,1,4,1,1,2,21,1,3,2,-2,2,2,6,2,1,1,-3,4,2,2,0,1,2,1,1,5,1,2,-6,-6,-6,-6,1,2,2,2,3,11,1108,2,0,-9,-9,-9,-9,-9,-9,-9,-9,-9,-9,777,7,2,6,-16,-16,-16,-16,-16,-16,-16,-16,-16,-16,-16,-16,-16,-16,-16,-16,-16,-16,2,2,1,96,2,1,1217001,3,2,-20,1,2000,2,2,2,2,2,2,-22,-22,7,70890001,2,19,190390001,2,19,190390001,2,1,5,2,-23,-23,-23,-23,-23,-23,1,2,2,2,2,2,2,2,2,2,-24,2,-25,-25,-25,-25,-25,-25,-25,-25,-25,280320001,2,2,1,2,1,3000,2,1,1,3000,2,1,2,2,2,2,2,-31,-31,3,2,2,-32,2,-33,2,2,1,1,2,48,48215,4821545384,4,4,2,2,2,2,2,2,2,2,-37,-37,-37,2,2,2,2,1,5,1,1,2,4,2,-38,48,48215,4821545384,1,5,2,-41,-41,-41,-41,-41,-41,-41,2,0,-42,-42,-42,1,0,-43,-43,-43,-43,1,-46,-46,9,2022,0,0,-49,1,-50,-50,3,0,1
7810,122210,1,4,1,1,2,27,1,2,3,-2,2,2,6,2,6,1,-3,3,1,2,0,1,2,1,0,5,1,2,-6,-6,-6,-6,1,2,2,2,3,6,603,2,0,-9,-9,-9,-9,-9,-9,-9,-9,-9,-9,777,7,1,-15,2,2,-18,-18,-18,-18,-18,-18,-18,-18,-18,-18,-18,-18,-18,-18,-18,-18,2,2,1,96,2,1,1217001,3,2,-20,1,1500,2,2,2,2,2,2,-22,-22,7,70890001,2,19,190390001,2,19,190390001,2,25,2,2,-23,-23,-23,-23,-23,-23,1,2,2,2,2,2,2,2,2,2,-24,2,-25,-25,-25,-25,-25,-25,-25,-25,-25,280320001,2,2,1,2,1,1500,2,1,1,4000,2,1,2,2,2,2,2,-31,-31,3,2,1,2,2,-33,1,1,1,1,1,48,48215,4821545384,4,4,2,2,2,2,2,2,2,2,-37,-37,-37,2,2,2,2,1,5,1,1,2,4,1,1,48,48215,4821545384,1,5,2,-41,-41,-41,-41,-41,-41,-41,2,0,-42,-42,-42,1,0,-43,-43,-43,-43,1,-46,-46,9,2022,0,0,-49,1,-50,-50,4,0,1
7510,122210,1,4,1,1,1,30,1,3,3,-2,2,2,6,2,1,1,-3,4,1,3,0,2,1,1,1,5,1,2,-6,-6,-6,-6,1,2,2,2,3,8,811,99,0,-9,-9,-9,-9,-9,-9,-9,-9,-9,-9,777,7,1,-15,2,2,-18,-18,-18,-18,-18,-18,-18,-18,-18,-18,-18,-18,-18,-18,-18,-18,3,2,1,2,1,1,1217001,0,2,-20,1,15000,2,1,1,2,2,2,-22,-22,7,71010001,2,28,280320001,2,28,280320001,2,10,2,2,-23,-23,-23,-23,-23,-23,1,2,2,2,2,2,2,2,2,2,-24,2,-25,-25,-25,-25,-25,-25,-25,-25,-25,280320001,3,2,1,3,1,15000,2,6,1,9000,2,1,2,2,2,2,2,-31,-31,0,2,2,-32,2,-33,1,1,1,4,1,48,48215,4821545384,4,4,3,1,2,2,2,2,2,1,2,2,2,2,2,2,2,1,5,2,2,2,4,2,-38,48,48215,4821545384,1,5,2,-41,-41,-41,-41,-41,-41,-41,2,0,-42,-42,-42,1,0,-43,-43,-43,-43,1,-46,-46,9,2022,0,0,-49,1,-50,-50,4,0,1
7410,122210,1,4,1,1,2,25,1,3,3,-2,2,2,6,2,1,2,1,3,1,2,0,1,2,1,1,5,1,2,-6,-6,-6,-6,1,2,2,2,3,6,607,99,0,-9,-9,-9,-9,-9,-9,-9,-9,-9,-9,777,7,1,-15,2,2,-18,-18,-18,-18,-18,-18,-18,-18,-18,-18,-18,-18,-18,-18,-18,-18,3,2,1,3,1,1,1217001,3,2,-20,1,13000,2,1,2,2,2,2,-22,-22,7,70890001,2,7,70090001,2,7,70890001,2,15,2,2,-23,-23,-23,-23,-23,-23,1,2,2,2,2,2,2,2,2,2,-24,2,-25,-25,-25,-25,-25,-25,-25,-25,-25,280320001,1,2,1,3,1,13000,2,6,1,13000,2,1,2,2,2,2,2,-31,-31,1,2,1,2,2,-33,1,1,1,4,1,48,48479,4847941464,4,4,3,1,2,2,2,2,2,1,2,2,2,2,2,2,2,2,5,1,1,2,4,2,-38,48,48479,4847941464,2,5,2,-41,-41,-41,-41,-41,-41,-41,2,0,-42,-42,-42,1,0,-43,-43,-43,-43,1,-46,-46,9,2022,0,0,-49,1,-50,-50,4,0,1
7310,122210,1,4,1,1,2,22,1,3,2,-2,2,2,6,2,6,1,-3,5,2,3,0,2,1,1,0,5,1,2,-6,-6,-6,-6,1,2,2,2,3,5,509,2,0,-9,-9,-9,-9,-9,-9,-9,-9,-9,-9,777,7,1,-15,2,2,-18,-18,-18,-18,-18,-18,-18,-18,-18,-18,-18,-18,-18,-18,-18,-18,3,2,1,2,1,1,1217001,3,1,7,1,7500,2,1,2,2,2,2,-22,-22,7,71010001,2,28,280320001,2,7,71010001,2,10,2,2,-23,-23,-23,-23,-23,-23,1,2,2,2,2,2,2,2,2,2,-24,2,-25,-25,-25,-25,-25,-25,-25,-25,-25,280320001,5,2,1,3,1,7500,2,6,1,7500,2,1,2,2,2,2,2,-31,-31,1,2,2,-32,2,-33,1,1,1,4,1,48,48215,4821545384,4,1,3,1,2,2,2,2,2,1,2,2,2,2,2,2,2,6,2,2,2,2,4,2,-38,48,48215,4821545384,6,2,-39,-39,-39,-39,-39,-39,-39,-39,-39,-39,-39,-39,-39,1,0,-43,-43,-43,-43,1,-46,-46,9,2022,0,0,-49,1,-50,-50,3,0,1
3810,72210,1,4,1,1,1,25,1,3,1,1,2,2,6,2,6,2,2,3,0,3,0,1,2,1,0,1,0,-5,-5,-5,-5,-5,2,2,2,2,3,7,701,1,0,-9,-9,-9,-9,-9,-9,-9,-9,-9,-9,777,7,2,1,-16,-16,-16,-16,-16,-16,-16,-16,-16,-16,-16,-16,-16,-16,-16,-16,-16,-16,3,2,1,4,2,1,1217001,1,2,-20,2,-21,-21,2,2,2,2,2,-22,-22,7,70090001,2,30,300030001,2,30,300030001,2,5,2,2,-23,-23,-23,-23,-23,-23,1,2,2,2,2,2,2,2,2,2,-24,2,-25,-25,-25,-25,-25,-25,-25,-25,-25,280320001,5,2,1,5,2,-28,-28,-28,-28,1000,2,1,2,2,2,2,2,-31,-31,2,1,1,2,2,-33,0,-34,-34,-34,-34,51,51550,5155016000,3,1,3,2,2,2,2,2,2,2,-37,-37,-37,2,2,2,2,25,2,1,1,2,4,2,-38,51,51550,5155016000,25,2,2,-41,-41,-41,-41,-41,-41,-41,2,0,-42,-42,-42,2,0,-43,-43,-43,-43,1,-46,-46,9,2022,0,0,-49,1,-50,-50,1,0,1
3710,72210,1,4,1,1,1,29,1,3,3,-2,2,2,6,2,1,1,-3,6,2,3,1,3,1,1,1,5,1,2,-6,-6,-6,-6,1,2,2,2,3,8,802,99,0,-9,-9,-9,-9,-9,-9,-9,-9,-9,-9,777,7,1,-15,2,2,-18,-18,-18,-18,-18,-18,-18,-18,-18,-18,-18,-18,-18,-18,-18,-18,3,2,1,96,1,1,1217001,0,2,-20,1,12000,2,2,2,2,2,2,-22,-22,7,71010001,2,28,280320001,2,7,71010001,2,20,2,2,-23,-23,-23,-23,-23,-23,1,2,2,2,2,2,2,2,2,2,-24,2,-25,-25,-25,-25,-25,-25,-25,-25,-25,280320001,1,2,1,3,1,12000,2,2,1,12000,2,1,2,2,2,2,2,-31,-31,1,1,2,-32,2,-33,0,-34,-34,-34,-34,48,48215,4821545384,4,4,3,1,2,2,2,2,2,1,2,2,2,2,2,2,2,1,5,1,1,2,4,2,-38,48,48215,4821545384,1,5,2,-41,-41,-41,-41,-41,-41,-41,2,0,-42,-42,-42,1,0,-43,-43,-43,-43,1,-46,-46,9,2022,0,0,-49,1,-50,-50,4,0,1
3610,72210,1,4,1,1,1,19,1,3,2,-2,2,2,2,2,1,1,-3,3,1,2,0,1,1,1,3,1,3,1,1,2,-7,1,1,2,2,2,3,11,1108,2,5,-11,-11,-11,-11,-11,-11,-11,12,12027,1202701750,8,6,1,-15,2,2,-18,-18,-18,-18,-18,-18,-18,-18,-18,-18,-18,-18,-18,-18,-18,-18,1,2,3,1,1,1,1217001,1,2,-20,2,-21,-21,2,2,2,2,2,-22,-22,7,70090001,2,99,999999999,99,7,70090001,2,1,5,2,-23,-23,-23,-23,-23,-23,1,2,2,2,2,2,2,2,2,2,-24,2,-25,-25,-25,-25,-25,-25,-25,-25,-25,80410082,5,2,1,5,2,-28,-28,-28,-28,1000,2,2,2,2,2,2,2,-31,-31,2,5,2,-32,2,-33,0,-34,-34,-34,-34,48,48111,4811118524,2,2,2,2,2,2,2,2,2,2,-37,-37,-37,2,2,2,2,1,5,1,1,2,4,1,1,48,48111,4811118524,1,5,2,-41,-41,-41,-41,-41,-41,-41,2,0,-42,-42,-42,1,0,-43,-43,-43,-43,0,-45,-45,-45,-45,-45,-45,-45,-45,-45,-45,3,0,1
3310,72210,1,4,1,1,2,55,1,2,2,-2,2,2,2,2,5,1,-3,1,-4,-4,-4,-4,-4,3,3,3,3,2,-6,-6,-6,-6,2,2,2,2,3,6,602,99,5,-11,-11,-11,-11,-11,-11,-11,6,6037,603700884,45,6,2,8,-16,-16,-16,-16,-16,-16,-16,-16,-16,-16,-16,-16,-16,-16,-16,-16,-16,-16,3,2,3,96,2,1,1217001,0,2,-20,1,10000,2,2,2,2,2,2,-22,-22,7,70890001,2,1,10010001,2,7,71010001,2,10,2,2,-23,-23,-23,-23,-23,-23,1,2,1,2,2,2,2,2,2,2,-24,2,-25,-25,-25,-25,-25,-25,-25,-25,-25,280320001,1,2,1,2,1,10000,2,2,1,10000,2,2,2,2,2,2,2,-31,-31,0,4,1,2,2,-33,0,-34,-34,-34,-34,6,6037,603700884,1,2,3,2,2,2,2,2,2,2,-37,-37,-37,2,2,2,2,2,6,2,2,1,2,2,-38,6,6037,603700884,45,6,1,962,6,6,2000,2,5,561,2,0,-42,-42,-42,1,0,-43,-43,-43,-43,1,-46,-46,3,1981,0,0,-49,1,-50,-50,3,0,1
810,52210,1,4,1,1,1,24,1,3,3,-2,2,2,6,2,1,1,-3,5,1,4,0,2,1,1,1,5,1,2,-6,-6,-6,-6,1,2,2,2,3,6,604,2,0,-9,-9,-9,-9,-9,-9,-9,-9,-9,-9,777,7,1,-15,2,2,-18,-18,-18,-18,-18,-18,-18,-18,-18,-18,-18,-18,-18,-18,-18,-18,3,2,1,2,1,1,1217001,3,2,-20,1,600,2,1,2,2,2,2,-22,-22,7,71010001,2,28,280320001,2,7,71010001,2,10,2,2,-23,-23,-23,-23,-23,-23,1,2,2,2,2,2,2,2,2,2,-24,2,-25,-25,-25,-25,-25,-25,-25,-25,-25,-998,-998,-998,-998,-998,-998,-998,-998,-998,-998,-998,-998,-998,-998,-998,-998,-998,-998,-998,-998,-998,-998,-998,-998,-998,-998,-998,-998,-998,-998,-998,-998,-998,-998,-998,-998,-998,-998,-998,-998,-998,-998,-998,-998,-998,-998,-998,-998,-998,-998,-998,-998,-998,-998,-998,-998,-998,-998,-998,-998,-998,-998,-998,-998,-998,-998,-998,-998,-998,-998,-998,-998,-998,-998,-998,-998,-998,-998,-998,-998,-998,-998,-998,-998,-998,-998,-998,-998,-998,-998,-998,-998,-998,-998,4,0,1
23311,182211,1,4,1,1,2,32,1,3,2,-2,2,2,6,2,1,2,1,5,3,2,0,1,2,1,1,5,1,2,-6,-6,-6,-6,1,2,2,2,3,13,1310,1,0,-9,-9,-9,-9,-9,-9,-9,-9,-9,-9,777,7,1,-15,2,2,-18,-18,-18,-18,-18,-18,-18,-18,-18,-18,-18,-18,-18,-18,-18,-18,2,2,1,96,1,1,1312047,3,2,-20,1,3500,2,2,2,2,2,2,-22,-22,7,70690001,2,10,100120001,2,10,100120001,2,27,2,2,-23,-23,-23,-23,-23,-23,1,2,2,2,2,2,2,2,2,2,-24,2,-25,-25,-25,-25,-25,-25,-25,-25,-25,280320001,6,2,1,2,1,3500,2,1,1,6500,2,1,2,2,2,2,2,-31,-31,3,2,2,-32,2,-33,1,1,1,1,1,48,48215,4821545384,4,4,2,2,2,2,2,2,2,2,-37,-37,-37,2,2,2,2,2,5,1,1,2,4,2,-38,48,48215,4821545384,2,5,2,-41,-41,-41,-41,-41,-41,-41,2,0,-42,-42,-42,1,0,-43,-43,-43,-43,1,-46,-46,9,2022,0,0,-49,1,-50,-50,3,0,1
5011,42211,1,4,1,1,1,28,1,3,3,-2,2,2,6,2,1,1,-3,3,1,2,0,1,1,1,1,5,1,2,-6,-6,-6,-6,2,2,2,2,3,7,704,99,0,-9,-9,-9,-9,-9,-9,-9,-9,-9,-9,777,7,1,-15,2,2,-18,-18,-18,-18,-18,-18,-18,-18,-18,-18,-18,-18,-18,-18,-18,-18,3,2,1,2,1,1,1312047,3,2,-20,1,8000,2,2,2,2,2,2,-22,-22,7,71010001,2,13,130480001,2,13,130480001,2,15,2,2,-23,-23,-23,-23,-23,-23,1,2,2,2,2,2,2,2,2,2,-24,2,-25,-25,-25,-25,-25,-25,-25,-25,-25,280320001,7,1,2,-27,1,2300,2,4,2,10300,2,1,2,2,2,2,2,-31,-31,0,2,1,2,2,-33,0,-34,-34,-34,-34,48,48215,4821545384,4,1,3,1,2,2,2,2,2,1,2,2,2,2,2,2,2,2,5,1,1,2,4,2,-38,48,48215,4821545384,2,5,2,-41,-41,-41,-41,-41,-41,-41,2,0,-42,-42,-42,1,0,-43,-43,-43,-43,1,-46,-46,8,2022,0,0,-49,1,-50,-50,4,0,1
3510,72210,1,4,1,1,1,51,1,3,3,-2,2,2,2,2,6,1,-3,1,-4,-4,-4,-4,-4,1,0,3,3,1,1,1,2,2,2,2,1,2,3,9,905,99,5,-11,-11,-11,-11,-11,-11,-11,6,6037,603752526,33,6,1,-15,2,2,-18,-18,-18,-18,-18,-18,-18,-18,-18,-18,-18,-18,-18,-18,-18,-18,2,2,1,4,1,1,1312047,0,2,-20,1,9000,2,1,1,1,2,2,6,2,7,71010001,2,1,10010001,2,7,71010001,2,10,2,2,-23,-23,-23,-23,-23,-23,1,2,1,2,2,2,2,2,2,2,-24,2,-25,-25,-25,-25,-25,-25,-25,-25,-25,280320001,2,2,1,3,2,-28,-28,-28,-28,9000,2,1,2,2,2,2,2,-31,-31,1,2,2,-32,2,-33,0,-34,-34,-34,-34,6,6037,603752526,2,2,3,1,2,2,2,2,2,2,-37,-37,-37,2,2,2,2,5,5,1,1,1,2,2,-38,6,6037,603752526,33,6,1,611,5,4,20,2,1,111,2,0,-42,-42,-42,1,0,-43,-43,-43,-43,1,-46,-46,2,1988,0,0,-49,1,-50,-50,4,0,1
