Arc,From_Node,To_Node,ciudad_origen,latitud_from,longitud_from,eventos_from,ciudad_destino,latitud_to,longitud_to,eventos_to,origen_xy,destino_xy,eventos_arco,Distance,Distance_m,Duration,Duration_s,Distance_km,Duration_hr
PG1414-PG1415,PG1414,PG1415,"Chahuites, Oaxaca",16.2885299,-94.1942777,54,"San Pedro Tapanatepec, Oaxaca",16.3689223,-94.1927528,283,"16.2885299, -94.1942777","16.3689223, -94.1927528",337,9.4 km,9423,2 hours 9 mins,7735,9.423,2.1486111111111112
PG913-PG914,PG913,PG914,"Tlajomulco de Zuniga, Jalisco",20.48187375,-103.400509663829,103,"Guadalajara, Jalisco",20.6720375,-103.338396,1332,"20.48187375, -103.400509663829","20.6720375, -103.338396",1435,25.0 km,25039,5 hours 44 mins,20663,25.039,5.739722222222222
PG953-PG914,PG953,PG914,"El Salto, Jalisco",20.5196964,-103.1813141,1,"Guadalajara, Jalisco",20.6720375,-103.338396,1332,"20.5196964, -103.1813141","20.6720375, -103.338396",1333,25.8 km,25752,5 hours 54 mins,21252,25.752,5.903333333333333
PG1299-PG1260,PG1299,PG1260,"Oaxaca de Juarez, Oaxaca",17.0604663,-96.7253575,1270,"San Francisco Telixtlahuaca, Oaxaca",17.296628,-96.9056112,49,"17.0604663, -96.7253575","17.296628, -96.9056112",1319,35.4 km,35370,8 hours 10 mins,29381,35.37,8.161388888888888
PG1529-PG1530,PG1529,PG1530,"Suchiate, Chiapas",14.6321744,-92.241963360953,25989,"Tapachula, Chiapas",14.9042905,-92.2609265,98486,"14.6321744, -92.241963360953","14.9042905, -92.2609265",124475,35.6 km,35563,8 hours 8 mins,29276,35.563,8.132222222222222
PG1453-PG1414,PG1453,PG1414,"Arriaga, Chiapas",16.2344709,-93.9008414,19839,"Chahuites, Oaxaca",16.2885299,-94.1942777,54,"16.2344709, -93.9008414","16.2885299, -94.1942777",19893,36.4 km,36437,8 hours 9 mins,29338,36.437,8.149444444444445
PG611-PG572,PG611,PG572,"Navojoa, Sonora",27.0721872,-109.4438227,823,"Huatabampo, Sonora",26.8248431,-109.6420085,1045,"27.0721872, -109.4438227","26.8248431, -109.6420085",1868,38.5 km,38469,8 hours 38 mins,31108,38.469,8.641111111111112
PG1298-PG1299,PG1298,PG1299,"Tlacolula de Matamoros, Oaxaca",16.9314623,-96.4611074593091,351,"Oaxaca de Juarez, Oaxaca",17.0604663,-96.7253575,1270,"16.9314623, -96.4611074593091","17.0604663, -96.7253575",1621,38.7 km,38710,8 hours 43 mins,31397,38.71,8.721388888888889
PG1224-PG1185,PG1224,PG1185,"Xaloztoc, Tlaxcala",19.403611,-98.048611,4231,"Ixtacuixtla de Mariano Matamoros, Tlaxcala",19.34670365,-98.3781581037396,2539,"19.403611, -98.048611","19.34670365, -98.3781581037396",6770,40.8 km,40810,9 hours 10 mins,33008,40.81,9.168888888888889
PG499-PG538,PG499,PG538,"Santa Ana, Sonora",30.5410922,-111.1184881,12341,"Imuris, Sonora",30.7874899,-110.8463861,7,"30.5410922, -111.1184881","30.7874899, -110.8463861",12348,41.5 km,41496,9 hours 30 mins,34217,41.496,9.504722222222222
PG1116-PG1117,PG1116,PG1117,"Apodaca, Nuevo Leon",25.7816542,-100.1887501,4262,"Salinas Victoria, Nuevo Leon",26.1216805,-100.327087699587,18,"25.7816542, -100.1887501","26.1216805, -100.327087699587",4280,43.1 km,43122,9 hours 48 mins,35275,43.122,9.79861111111111
PG1265-PG1226,PG1265,PG1226,"Tuxpan, Veracruz",20.95647915,-97.4073817712075,231,"Alamo Temapache, Veracruz",20.9951932,-97.7557841914082,1,"20.95647915, -97.4073817712075","20.9951932, -97.7557841914082",232,44.6 km,44646,10 hours 13 mins,36795,44.646,10.220833333333333
PG647-PG648,PG647,PG648,"Angostura, Sinaloa",25.3657471,-108.16152,79,"Guasave, Sinaloa",25.5738,-108.4674697,1,"25.3657471, -108.16152","25.5738, -108.4674697",80,44.7 km,44740,10 hours 4 mins,36245,44.74,10.068055555555556
PG1493-PG1454,PG1493,PG1454,"Tuxtla Gutierrez, Chiapas",16.753801,-93.115959,15141,"Ocozocoautla de Espinosa, Chiapas",16.7931431,-93.4569635533782,1226,"16.753801, -93.115959","16.7931431, -93.4569635533782",16367,44.9 km,44889,10 hours 27 mins,37593,44.889,10.4425
PG1491-PG1492,PG1491,PG1492,"Mapastepec, Chiapas",15.43981,-92.898367,36,"Pijijiapan, Chiapas",15.6849991,-93.2080195,11297,"15.43981, -92.898367","15.6849991, -93.2080195",11333,45.3 km,45255,10 hours 8 mins,36495,45.255,10.1375
PG1301-PG1262,PG1301,PG1262,"Cuitlahuac, Veracruz",18.814226,-96.7223775,1345,"Orizaba, Veracruz",18.8497366,-97.1060062,1100,"18.814226, -96.7223775","18.8497366, -97.1060062",2445,48.9 km,48902,11 hours 57 mins,42996,48.902,11.943333333333333
PG1081-PG1120,PG1081,PG1120,"Piedras Negras, Coahuila",28.7041725,-100.5148362,21201,"Guerrero, Coahuila",28.3093253,-100.3805564,6,"28.7041725, -100.5148362","28.3093253, -100.3805564",21207,30.8 mi,49498,11 hours 5 mins,39924,49.498,11.09
PG189-PG190,PG189,PG190,"Playas de Rosarito, Baja California",32.25812915,-116.873307225176,38,"Tijuana, Baja California",32.5317397,-117.019529,27568,"32.25812915, -116.873307225176","32.5317397, -117.019529",27606,49.8 km,49754,11 hours 22 mins,40936,49.754,11.37111111111111
PG1219-PG1220,PG1219,PG1220,"Villa de Tututepec, Oaxaca",16.1303062,-97.6080871,37,"San Andres Huaxpaltepec, Oaxaca",16.3411829,-97.9346251942668,31,"16.1303062, -97.6080871","16.3411829, -97.9346251942668",68,50.6 km,50550,11 hours 38 mins,41852,50.55,11.625555555555556
PG1108-PG1109,PG1108,PG1109,"San Juan del Rio, Queretaro",20.3867547,-99.9931982,1304,"Queretaro, Queretaro",20.5927744,-100.3902245,872,"20.3867547, -99.9931982","20.5927744, -100.3902245",2176,51.3 km,51309,11 hours 29 mins,41342,51.309,11.483888888888888
PG994-PG995,PG994,PG995,"Cosio, Aguascalientes",22.3705155,-102.312008510523,98,"Trancoso, Zacatecas",22.7353025,-102.3667969,96,"22.3705155, -102.312008510523","22.7353025, -102.3667969",194,51.9 km,51930,11 hours 49 mins,42531,51.93,11.814166666666667
PG1223-PG1224,PG1223,PG1224,"Puebla, Puebla",19.0384062279769,-98.2069491554557,5069,"Xaloztoc, Tlaxcala",19.403611,-98.048611,4231,"19.0384062279769, -98.2069491554557","19.403611, -98.048611",9300,52.4 km,52426,12 hours 15 mins,44121,52.426,12.255833333333333
PG1376-PG1375,PG1376,PG1375,"Juchitan de Zaragoza, Oaxaca",16.413329,-94.9118794582709,2625,"Salina Cruz, Oaxaca",16.1825,-95.195833,112,"16.413329, -94.9118794582709","16.1825, -95.195833",2737,52.6 km,52561,11 hours 50 mins,42606,52.561,11.835
PG1302-PG1263,PG1302,PG1263,"Veracruz, Veracruz",19.333333,-96.666667,2478,"Xalapa, Veracruz",19.5408338,-96.9146374,109,"19.333333, -96.666667","19.5408338, -96.9146374",2587,52.7 km,52745,13 hours 4 mins,47010,52.745,13.058333333333334
PG1109-PG1070,PG1109,PG1070,"Queretaro, Queretaro",20.5927744,-100.3902245,872,"Comonfort, Guanajuato",20.7199475,-100.761188,29,"20.5927744, -100.3902245","20.7199475, -100.761188",901,53.9 km,53891,12 hours 17 mins,44201,53.891,12.278055555555556
PG1534-PG1495,PG1534,PG1495,"Macuspana, Tabasco",17.760922,-92.596108,34779,"Centro, Tabasco",18.0271588,-92.7747911804616,71661,"17.760922, -92.596108","18.0271588, -92.7747911804616",106440,55.0 km,55022,12 hours 19 mins,44345,55.022,12.318055555555556
PG1190-PG1229,PG1190,PG1229,"Gonzalez, Tamaulipas",22.79038735,-98.5763189554293,8,"Aldama, Tamaulipas",22.9196081,-98.0741727,14,"22.79038735, -98.5763189554293","22.9196081, -98.0741727",22,59.4 km,59423,13 hours 21 mins,48057,59.423,13.349166666666667
PG1145-PG1146,PG1145,PG1146,"Cuernavaca, Morelos",18.9218274,-99.2342282,21,"Iztapalapa, Ciudad de Mexico",19.3591195,-99.0929294,6176,"18.9218274, -99.2342282","19.3591195, -99.0929294",6197,61.0 km,61042,15 hours 3 mins,54161,61.042,15.044722222222223
PG1533-PG1534,PG1533,PG1534,"Salto de Agua, Chiapas",17.4348976,-92.2248024988609,9,"Macuspana, Tabasco",17.760922,-92.596108,34779,"17.4348976, -92.2248024988609","17.760922, -92.596108",34788,61.2 km,61215,13 hours 42 mins,49333,61.215,13.703611111111112
PG1184-PG1145,PG1184,PG1145,"Jantetelco, Morelos",18.7167516,-98.7766172,3,"Cuernavaca, Morelos",18.9218274,-99.2342282,21,"18.7167516, -98.7766172","18.9218274, -99.2342282",24,63.3 km,63338,14 hours 35 mins,52501,63.338,14.58361111111111
PG1769-PG1730,PG1769,PG1730,"Bacalar, Quintana Roo",18.6782559,-88.3922556,9,"Othon P. Blanco, Quintana Roo",18.43704555,-88.8257581580335,369,"18.6782559, -88.3922556","18.43704555, -88.8257581580335",378,64.7 km,64675,14 hours 34 mins,52410,64.675,14.558333333333334
PG538-PG500,PG538,PG500,"Imuris, Sonora",30.7874899,-110.8463861,7,"Nogales, Sonora",31.3285057,-110.9450472,4084,"30.7874899, -110.8463861","31.3285057, -110.9450472",4091,66.7 km,66705,15 hours 14 mins,54832,66.705,15.231111111111112
PG995-PG956,PG995,PG956,"Trancoso, Zacatecas",22.7353025,-102.3667969,96,"Calera, Zacatecas",22.97848,-102.856222886116,42,"22.7353025, -102.3667969","22.97848, -102.856222886116",138,69.5 km,69512,15 hours 57 mins,57420,69.512,15.95
PG1264-PG1265,PG1264,PG1265,"Papantla, Veracruz",20.4458721,-97.3232777494493,48,"Tuxpan, Veracruz",20.95647915,-97.4073817712075,231,"20.4458721, -97.3232777494493","20.95647915, -97.4073817712075",279,71.5 km,71471,16 hours 23 mins,58994,71.471,16.38722222222222
PG989-PG990,PG989,PG990,"Apatzingan, Michoacan",19.0913792,-102.3537356,1,"Uruapan, Michoacan",19.4147269,-102.0522647,1,"19.0913792, -102.3537356","19.4147269, -102.0522647",2,71.9 km,71894,17 hours 55 mins,64509,71.894,17.919166666666666
PG1150-PG1190,PG1150,PG1190,"Antiguo Morelos, Tamaulipas",22.56570125,-99.0871371606598,117,"Gonzalez, Tamaulipas",22.79038735,-98.5763189554293,8,"22.56570125, -99.0871371606598","22.79038735, -98.5763189554293",125,72.2 km,72195,16 hours 10 mins,58172,72.195,16.15888888888889
PG1154-PG1115,PG1154,PG1115,"Hualahuises, Nuevo Leon",24.8838044,-99.6739794,34,"Galeana, Nuevo Leon",24.8455905995639,-100.089346003726,5407,"24.8838044, -99.6739794","24.8455905995639, -100.089346003726",5441,73.2 km,73210,17 hours 33 mins,63174,73.21,17.548333333333332
PG1070-PG1031,PG1070,PG1031,"Comonfort, Guanajuato",20.7199475,-100.761188,29,"Irapuato, Guanajuato",20.6758761,-101.3521052,44,"20.7199475, -100.761188","20.6758761, -101.3521052",73,73.4 km,73437,16 hours 35 mins,59700,73.437,16.583333333333332
PG1142-PG1103,PG1142,PG1103,"San Marcos, Guerrero",16.85734375,-99.390341851477,379,"Acapulco de Juarez, Guerrero",16.8680495,-99.8940182,32,"16.85734375, -99.390341851477","16.8680495, -99.8940182",411,74.7 km,74696,16 hours 53 mins,60752,74.696,16.875555555555554
PG1228-PG1229,PG1228,PG1229,"Altamira, Tamaulipas",22.3921625,-97.9362975,833,"Aldama, Tamaulipas",22.9196081,-98.0741727,14,"22.3921625, -97.9362975","22.9196081, -98.0741727",847,75.1 km,75125,16 hours 55 mins,60908,75.125,16.91888888888889
PG1261-PG1222,PG1261,PG1222,"San Miguel Tequixtepec, Oaxaca",17.801944,-97.340556,109,"Heroica Ciudad de Huajuapan de Leon, Oaxaca",17.808846,-97.7780564,46,"17.801944, -97.340556","17.808846, -97.7780564",155,77.6 km,77632,17 hours 25 mins,62720,77.632,17.42222222222222
PG1146-PG1147,PG1146,PG1147,"Iztapalapa, Ciudad de Mexico",19.3591195,-99.0929294,6176,"Apaxco, Estado de Mexico",19.9807399,-99.1518101102043,2476,"19.3591195, -99.0929294","19.9807399, -99.1518101102043",8652,79.9 km,79939,18 hours 26 mins,66383,79.939,18.439722222222223
PG1192-PG1232,PG1192,PG1232,"Jimenez, Tamaulipas",24.2169169,-98.483929,1,"San Fernando, Tamaulipas",24.8466769,-98.1473493,673,"24.2169169, -98.483929","24.8466769, -98.1473493",674,80.9 km,80857,18 hours 4 mins,65045,80.857,18.068055555555556
PG1070-PG1071,PG1070,PG1071,"Comonfort, Guanajuato",20.7199475,-100.761188,29,"San Luis de la Paz, Guanajuato",21.2970466,-100.516269,60,"20.7199475, -100.761188","21.2970466, -100.516269",89,81.6 km,81550,18 hours 35 mins,66886,81.55,18.579444444444444
PG1155-PG1156,PG1155,PG1156,"General Bravo, Nuevo Leon",25.7932962,-99.1811424,2059,"Miguel Aleman, Tamaulipas",26.3995446,-99.0314218,16,"25.7932962, -99.1811424","26.3995446, -99.0314218",2075,82.4 km,82383,18 hours 27 mins,66396,82.383,18.44333333333333
PG1572-PG1573,PG1572,PG1573,"Tenosique, Tabasco",17.4707129,-91.4220212,40069,"Balancan, Tabasco",17.79751665,-91.3458588938522,1472,"17.4707129, -91.4220212","17.79751665, -91.3458588938522",41541,85.3 km,85283,19 hours 4 mins,68660,85.283,19.072222222222223
PG1494-PG1495,PG1494,PG1495,"Teapa, Tabasco",17.5566526,-92.9480504,9947,"Centro, Tabasco",18.0271588,-92.7747911804616,71661,"17.5566526, -92.9480504","18.0271588, -92.7747911804616",81608,86.5 km,86485,19 hours 23 mins,69763,86.485,19.378611111111113
PG1153-PG1154,PG1153,PG1154,"Hidalgo, Tamaulipas",24.2480354,-99.4382079,45,"Hualahuises, Nuevo Leon",24.8838044,-99.6739794,34,"24.2480354, -99.4382079","24.8838044, -99.6739794",79,86.7 km,86727,19 hours 32 mins,70297,86.727,19.526944444444446
PG1233-PG1272,PG1233,PG1272,"Reynosa, Tamaulipas",26.0907673,-98.2788191,6356,"Matamoros, Tamaulipas",25.8810158,-97.5064866,405,"26.0907673, -98.2788191","25.8810158, -97.5064866",6761,54.0 mi,86937,19 hours 32 mins,70337,86.937,19.538055555555555
PG1258-PG1219,PG1258,PG1219,"San Pedro Totolapam, Oaxaca",15.8659835,-97.0043148,20,"Villa de Tututepec, Oaxaca",16.1303062,-97.6080871,37,"15.8659835, -97.0043148","16.1303062, -97.6080871",57,87.8 km,87789,19 hours 59 mins,71927,87.789,19.97972222222222
PG1532-PG1493,PG1532,PG1493,"San Cristobal de las Casas, Chiapas",16.6835469,-92.6155184199116,745,"Tuxtla Gutierrez, Chiapas",16.753801,-93.115959,15141,"16.6835469, -92.6155184199116","16.753801, -93.115959",15886,88.4 km,88352,19 hours 19 mins,69512,88.352,19.308888888888887
PG1378-PG1379,PG1378,PG1379,"Acayucan, Veracruz",17.9487862,-94.9145752,45794,"San Andres Tuxtla, Veracruz",18.4633672,-95.1983153392005,102,"17.9487862, -94.9145752","18.4633672, -95.1983153392005",45896,88.5 km,88489,20 hours 25 mins,73474,88.489,20.409444444444443
PG1081-PG1082,PG1081,PG1082,"Piedras Negras, Coahuila",28.7041725,-100.5148362,21201,"Acuna, Coahuila",29.3248796,-100.9322287,1672,"28.7041725, -100.5148362","29.3248796, -100.9322287",22873,55.6 mi,89498,20 hours 9 mins,72527,89.498,20.14638888888889
PG648-PG609,PG648,PG609,"Guasave, Sinaloa",25.5738,-108.4674697,1,"Ahome, Sinaloa",25.9240491,-109.205834408303,4,"25.5738, -108.4674697","25.9240491, -109.205834408303",5,90.4 km,90434,20 hours 16 mins,72958,90.434,20.266111111111112
PG1228-PG1190,PG1228,PG1190,"Altamira, Tamaulipas",22.3921625,-97.9362975,833,"Gonzalez, Tamaulipas",22.79038735,-98.5763189554293,8,"22.3921625, -97.9362975","22.79038735, -98.5763189554293",841,91.1 km,91069,20 hours 30 mins,73822,91.069,20.50611111111111
PG1226-PG1227,PG1226,PG1227,"Alamo Temapache, Veracruz",20.9951932,-97.7557841914082,1,"Ozuluama de Mascarenas, Veracruz",21.661111,-97.850556,74,"20.9951932, -97.7557841914082","21.661111, -97.850556",75,91.4 km,91351,20 hours 44 mins,74654,91.351,20.737222222222222
PG921-PG961,PG921,PG961,"Gomez Palacio, Durango",25.5732473,-103.494779,1048,"Francisco I. Madero, Coahuila",26.23755265,-103.099655568766,25,"25.5732473, -103.494779","26.23755265, -103.099655568766",1073,92.1 km,92133,20 hours 37 mins,74233,92.133,20.620277777777776
PG1227-PG1228,PG1227,PG1228,"Ozuluama de Mascarenas, Veracruz",21.661111,-97.850556,74,"Altamira, Tamaulipas",22.3921625,-97.9362975,833,"21.661111, -97.850556","22.3921625, -97.9362975",907,92.8 km,92826,20 hours 51 mins,75054,92.826,20.848333333333333
PG1185-PG1146,PG1185,PG1146,"Ixtacuixtla de Mariano Matamoros, Tlaxcala",19.34670365,-98.3781581037396,2539,"Iztapalapa, Ciudad de Mexico",19.3591195,-99.0929294,6176,"19.34670365, -98.3781581037396","19.3591195, -99.0929294",8715,93.0 km,93015,21 hours 44 mins,78250,93.015,21.73611111111111
PG1118-PG1157,PG1118,PG1157,"Anahuac, Nuevo Leon",27.0285283,-100.0333715,86,"Nuevo Laredo, Tamaulipas",27.4930466,-99.5074055,143,"27.0285283, -100.0333715","27.4930466, -99.5074055",229,93.2 km,93246,20 hours 53 mins,75176,93.246,20.88222222222222
PG1377-PG1378,PG1377,PG1378,"Jesus Carranza, Veracruz",17.38793115,-94.9094973063052,5396,"Acayucan, Veracruz",17.9487862,-94.9145752,45794,"17.38793115, -94.9094973063052","17.9487862, -94.9145752",51190,94.9 km,94946,21 hours 30 mins,77383,94.946,21.495277777777776
PG1297-PG1258,PG1297,PG1258,"Santa Maria Huatulco, Oaxaca",15.8337711,-96.3214401,170,"San Pedro Totolapam, Oaxaca",15.8659835,-97.0043148,20,"15.8337711, -96.3214401","15.8659835, -97.0043148",190,95.1 km,95144,21 hours 26 mins,77155,95.144,21.431944444444444
PG1260-PG1261,PG1260,PG1261,"San Francisco Telixtlahuaca, Oaxaca",17.296628,-96.9056112,49,"San Miguel Tequixtepec, Oaxaca",17.801944,-97.340556,109,"17.296628, -96.9056112","17.801944, -97.340556",158,96.6 km,96624,22 hours 27 mins,80816,96.624,22.448888888888888
PG1221-PG1222,PG1221,PG1222,"Santiago Juxtlahuaca, Oaxaca",17.334443,-98.010574,1,"Heroica Ciudad de Huajuapan de Leon, Oaxaca",17.808846,-97.7780564,46,"17.334443, -98.010574","17.808846, -97.7780564",47,97.6 km,97645,22 hours 13 mins,79965,97.645,22.2125
PG1456-PG1417,PG1456,PG1417,"Huimanguillo, Tabasco",17.7620967,-93.6634408051158,97523,"Agua Dulce, Veracruz",18.0899541,-94.1623630522383,4144,"17.7620967, -93.6634408051158","18.0899541, -94.1623630522383",101667,98.0 km,97963,21 hours 57 mins,79039,97.963,21.955277777777777
PG1155-PG1233,PG1155,PG1233,"General Bravo, Nuevo Leon",25.7932962,-99.1811424,2059,"Reynosa, Tamaulipas",26.0907673,-98.2788191,6356,"25.7932962, -99.1811424","26.0907673, -98.2788191",8415,99.0 km,98976,22 hours 11 mins,79842,98.976,22.178333333333335
PG1417-PG1378,PG1417,PG1378,"Agua Dulce, Veracruz",18.0899541,-94.1623630522383,4144,"Acayucan, Veracruz",17.9487862,-94.9145752,45794,"18.0899541, -94.1623630522383","17.9487862, -94.9145752",49938,100 km,100163,22 hours 38 mins,81466,100.163,22.629444444444445
PG1492-PG1453,PG1492,PG1453,"Pijijiapan, Chiapas",15.6849991,-93.2080195,11297,"Arriaga, Chiapas",16.2344709,-93.9008414,19839,"15.6849991, -93.2080195","16.2344709, -93.9008414",31136,101 km,100923,22 hours 36 mins,81389,100.923,22.608055555555556
PG1530-PG1491,PG1530,PG1491,"Tapachula, Chiapas",14.9042905,-92.2609265,98486,"Mapastepec, Chiapas",15.43981,-92.898367,36,"14.9042905, -92.2609265","15.43981, -92.898367",98522,103 km,102685,22 hours 57 mins,82628,102.685,22.952222222222222
PG1415-PG1376,PG1415,PG1376,"San Pedro Tapanatepec, Oaxaca",16.3689223,-94.1927528,283,"Juchitan de Zaragoza, Oaxaca",16.413329,-94.9118794582709,2625,"16.3689223, -94.1927528","16.413329, -94.9118794582709",2908,104 km,103553,23 hours 8 mins,83256,103.553,23.126666666666665
PG1455-PG1456,PG1455,PG1456,"Mezcalapa, Chiapas",17.2364959,-93.6349751688609,440,"Huimanguillo, Tabasco",17.7620967,-93.6634408051158,97523,"17.2364959, -93.6349751688609","17.7620967, -93.6634408051158",97963,105 km,104998,1 day 0 hours,86536,104.998,24.037777777777777
PG1108-PG1070,PG1108,PG1070,"San Juan del Rio, Queretaro",20.3867547,-99.9931982,1304,"Comonfort, Guanajuato",20.7199475,-100.761188,29,"20.3867547, -99.9931982","20.7199475, -100.761188",1333,105 km,105180,23 hours 46 mins,85553,105.18,23.764722222222222
PG499-PG460,PG499,PG460,"Santa Ana, Sonora",30.5410922,-111.1184881,12341,"Caborca, Sonora",30.7166014,-112.1562598,414,"30.5410922, -111.1184881","30.7166014, -112.1562598",12755,106 km,105981,23 hours 24 mins,84236,105.981,23.398888888888887
PG1185-PG1186,PG1185,PG1186,"Ixtacuixtla de Mariano Matamoros, Tlaxcala",19.34670365,-98.3781581037396,2539,"Pachuca de Soto, Hidalgo",20.1165413,-98.7413535,44,"19.34670365, -98.3781581037396","20.1165413, -98.7413535",2583,109 km,108541,1 day 1 hour,89362,108.541,24.822777777777777
PG1572-PG1533,PG1572,PG1533,"Tenosique, Tabasco",17.4707129,-91.4220212,40069,"Salto de Agua, Chiapas",17.4348976,-92.2248024988609,9,"17.4707129, -91.4220212","17.4348976, -92.2248024988609",40078,112 km,112310,1 day 2 hours,91951,112.31,25.541944444444443
PG1301-PG1302,PG1301,PG1302,"Cuitlahuac, Veracruz",18.814226,-96.7223775,1345,"Veracruz, Veracruz",19.333333,-96.666667,2478,"18.814226, -96.7223775","19.333333, -96.666667",3823,112 km,112403,1 day 2 hours,93665,112.403,26.018055555555556
PG725-PG647,PG725,PG647,"Culiacan, Sinaloa",24.7978965,-107.393395,11,"Angostura, Sinaloa",25.3657471,-108.16152,79,"24.7978965, -107.393395","25.3657471, -108.16152",90,113 km,113106,1 day 1 hour,91354,113.106,25.37611111111111
PG1494-PG1456,PG1494,PG1456,"Teapa, Tabasco",17.5566526,-92.9480504,9947,"Huimanguillo, Tabasco",17.7620967,-93.6634408051158,97523,"17.5566526, -92.9480504","17.7620967, -93.6634408051158",107470,114 km,113845,1 day 2 hours,92290,113.845,25.636111111111113
PG1147-PG1108,PG1147,PG1108,"Apaxco, Estado de Mexico",19.9807399,-99.1518101102043,2476,"San Juan del Rio, Queretaro",20.3867547,-99.9931982,1304,"19.9807399, -99.1518101102043","20.3867547, -99.9931982",3780,115 km,114592,1 day 2 hours,92771,114.592,25.76972222222222
PG1533-PG1494,PG1533,PG1494,"Salto de Agua, Chiapas",17.4348976,-92.2248024988609,9,"Teapa, Tabasco",17.5566526,-92.9480504,9947,"17.4348976, -92.2248024988609","17.5566526, -92.9480504",9956,115 km,115013,1 day 2 hours,93917,115.013,26.088055555555556
PG1220-PG1181,PG1220,PG1181,"San Andres Huaxpaltepec, Oaxaca",16.3411829,-97.9346251942668,31,"Azoyu, Guerrero",16.730833,-98.600833,1023,"16.3411829, -97.9346251942668","16.730833, -98.600833",1054,116 km,115754,1 day 3 hours,95413,115.754,26.503611111111113
PG572-PG573,PG572,PG573,"Huatabampo, Sonora",26.8248431,-109.6420085,1045,"Cajeme, Sonora",27.71198065,-109.902207535928,1040,"26.8248431, -109.6420085","27.71198065, -109.902207535928",2085,118 km,117622,1 day 2 hours,94962,117.622,26.378333333333334
PG1027-PG988,PG1027,PG988,"Zihuatanejo de Azueta, Guerrero",17.80789995,-101.496952435006,14,"Lazaro Cardenas, Michoacan",17.9594769,-102.198659,1,"17.80789995, -101.496952435006","17.9594769, -102.198659",15,118 km,118147,1 day 3 hours,96470,118.147,26.79722222222222
PG1339-PG1301,PG1339,PG1301,"Cosamaloapan de Carpio, Veracruz",18.28167395,-95.9643574726842,3096,"Cuitlahuac, Veracruz",18.814226,-96.7223775,1345,"18.28167395, -95.9643574726842","18.814226, -96.7223775",4441,119 km,119174,1 day 3 hours,97621,119.174,27.116944444444446
PG1379-PG1340,PG1379,PG1340,"San Andres Tuxtla, Veracruz",18.4633672,-95.1983153392005,102,"Alvarado, Veracruz",18.82874235,-95.9238540059007,59,"18.4633672, -95.1983153392005","18.82874235, -95.9238540059007",161,119 km,119361,1 day 3 hours,96647,119.361,26.84638888888889
PG1454-PG1415,PG1454,PG1415,"Ocozocoautla de Espinosa, Chiapas",16.7931431,-93.4569635533782,1226,"San Pedro Tapanatepec, Oaxaca",16.3689223,-94.1927528,283,"16.7931431, -93.4569635533782","16.3689223, -94.1927528",1509,119 km,119463,1 day 2 hours,94913,119.463,26.364722222222223
PG1340-PG1302,PG1340,PG1302,"Alvarado, Veracruz",18.82874235,-95.9238540059007,59,"Veracruz, Veracruz",19.333333,-96.666667,2478,"18.82874235, -95.9238540059007","19.333333, -96.666667",2537,120 km,119786,1 day 4 hours,99118,119.786,27.532777777777778
PG1116-PG1155,PG1116,PG1155,"Apodaca, Nuevo Leon",25.7816542,-100.1887501,4262,"General Bravo, Nuevo Leon",25.7932962,-99.1811424,2059,"25.7816542, -100.1887501","25.7932962, -99.1811424",6321,122 km,121977,1 day 3 hours,97847,121.977,27.17972222222222
PG1181-PG1142,PG1181,PG1142,"Azoyu, Guerrero",16.730833,-98.600833,1023,"San Marcos, Guerrero",16.85734375,-99.390341851477,379,"16.730833, -98.600833","16.85734375, -99.390341851477",1402,123 km,123358,1 day 4 hours,99942,123.358,27.761666666666667
PG1300-PG1301,PG1300,PG1301,"San Jose Tenango, Oaxaca",18.15,-96.716667,6,"Cuitlahuac, Veracruz",18.814226,-96.7223775,1345,"18.15, -96.716667","18.814226, -96.7223775",1351,128 km,127903,1 day 7 hours,110398,127.903,30.66611111111111
PG1300-PG1339,PG1300,PG1339,"San Jose Tenango, Oaxaca",18.15,-96.716667,6,"Cosamaloapan de Carpio, Veracruz",18.28167395,-95.9643574726842,3096,"18.15, -96.716667","18.28167395, -95.9643574726842",3102,129 km,129044,1 day 6 hours,108249,129.044,30.069166666666668
PG1339-PG1300,PG1339,PG1300,"Cosamaloapan de Carpio, Veracruz",18.28167395,-95.9643574726842,3096,"San Jose Tenango, Oaxaca",18.15,-96.716667,6,"18.28167395, -95.9643574726842","18.15, -96.716667",3102,129 km,129044,1 day 7 hours,110260,129.044,30.627777777777776
PG1143-PG1103,PG1143,PG1103,"Chilpancingo de los Bravo, Guerrero",17.5542149,-99.5048416,30,"Acapulco de Juarez, Guerrero",16.8680495,-99.8940182,32,"17.5542149, -99.5048416","16.8680495, -99.8940182",62,131 km,131121,1 day 5 hours,104468,131.121,29.01888888888889
PG573-PG534,PG573,PG534,"Cajeme, Sonora",27.71198065,-109.902207535928,1040,"Guaymas, Sonora",27.9216441,-110.8994059,860,"27.71198065, -109.902207535928","27.9216441, -110.8994059",1900,134 km,134435,1 day 6 hours,108231,134.435,30.064166666666665
PG797-PG837,PG797,PG837,"Bahia de Banderas, Nayarit",20.8290434,-105.317508736965,2,"Tepic, Nayarit",21.5119156,-104.8915889,219,"20.8290434, -105.317508736965","21.5119156, -104.8915889",221,136 km,135738,1 day 8 hours,114819,135.738,31.894166666666667
PG1262-PG1223,PG1262,PG1223,"Orizaba, Veracruz",18.8497366,-97.1060062,1100,"Puebla, Puebla",19.0384062279769,-98.2069491554557,5069,"18.8497366, -97.1060062","19.0384062279769, -98.2069491554557",6169,139 km,138602,1 day 8 hours,116619,138.602,32.39416666666666
PG534-PG497,PG534,PG497,"Guaymas, Sonora",27.9216441,-110.8994059,860,"Hermosillo, Sonora",29.0948207,-110.9692202,9637,"27.9216441, -110.8994059","29.0948207, -110.9692202",10497,139 km,138711,1 day 7 hours,112497,138.711,31.249166666666667
PG1531-PG1530,PG1531,PG1530,"Frontera Comalapa, Chiapas",15.6590135,-92.1422219,802,"Tapachula, Chiapas",14.9042905,-92.2609265,98486,"15.6590135, -92.1422219","14.9042905, -92.2609265",99288,139 km,139429,1 day 8 hours,116392,139.429,32.33111111111111
PG1530-PG1531,PG1530,PG1531,"Tapachula, Chiapas",14.9042905,-92.2609265,98486,"Frontera Comalapa, Chiapas",15.6590135,-92.1422219,802,"14.9042905, -92.2609265","15.6590135, -92.1422219",99288,139 km,139468,1 day 9 hours,117850,139.468,32.736111111111114
PG1152-PG1153,PG1152,PG1153,"Jaumave, Tamaulipas",23.40496,-99.3806698,501,"Hidalgo, Tamaulipas",24.2480354,-99.4382079,45,"23.40496, -99.3806698","24.2480354, -99.4382079",546,140 km,139902,1 day 7 hours,113126,139.902,31.42388888888889
PG1378-PG1339,PG1378,PG1339,"Acayucan, Veracruz",17.9487862,-94.9145752,45794,"Cosamaloapan de Carpio, Veracruz",18.28167395,-95.9643574726842,3096,"17.9487862, -94.9145752","18.28167395, -95.9643574726842",48890,141 km,140798,1 day 8 hours,113976,140.798,31.66
PG460-PG422,PG460,PG422,"Caborca, Sonora",30.7166014,-112.1562598,414,"General Plutarco Elias Calles, Sonora",31.6949837,-112.711748945241,1431,"30.7166014, -112.1562598","31.6949837, -112.711748945241",1845,142 km,142340,1 day 8 hours,115053,142.34,31.95916666666667
PG1150-PG1152,PG1150,PG1152,"Antiguo Morelos, Tamaulipas",22.56570125,-99.0871371606598,117,"Jaumave, Tamaulipas",23.40496,-99.3806698,501,"22.56570125, -99.0871371606598","23.40496, -99.3806698",618,143 km,142698,1 day 9 hours,119279,142.698,33.13305555555556
PG1534-PG1456,PG1534,PG1456,"Macuspana, Tabasco",17.760922,-92.596108,34779,"Huimanguillo, Tabasco",17.7620967,-93.6634408051158,97523,"17.760922, -92.596108","17.7620967, -93.6634408051158",132302,143 km,142964,1 day 8 hours,115779,142.964,32.160833333333336
PG1077-PG1040,PG1077,PG1040,"Mina, Nuevo Leon",26.0025145,-100.5300485,2348,"Monclova, Coahuila",26.8999988,-101.4171173,1207,"26.0025145, -100.5300485","26.8999988, -101.4171173",3555,144 km,143971,1 day 8 hours,115985,143.971,32.21805555555556
PG1376-PG1377,PG1376,PG1377,"Juchitan de Zaragoza, Oaxaca",16.413329,-94.9118794582709,2625,"Jesus Carranza, Veracruz",17.38793115,-94.9094973063052,5396,"16.413329, -94.9118794582709","17.38793115, -94.9094973063052",8021,144 km,144319,1 day 9 hours,117246,144.319,32.568333333333335
PG1232-PG1233,PG1232,PG1233,"San Fernando, Tamaulipas",24.8466769,-98.1473493,673,"Reynosa, Tamaulipas",26.0907673,-98.2788191,6356,"24.8466769, -98.1473493","26.0907673, -98.2788191",7029,149 km,148731,1 day 9 hours,120371,148.731,33.43638888888889
PG1613-PG1573,PG1613,PG1573,"Escarcega, Campeche",18.606934,-90.7385823,1232,"Balancan, Tabasco",17.79751665,-91.3458588938522,1472,"18.606934, -90.7385823","17.79751665, -91.3458588938522",2704,149 km,148780,1 day 9 hours,119616,148.78,33.22666666666667
PG1117-PG1118,PG1117,PG1118,"Salinas Victoria, Nuevo Leon",26.1216805,-100.327087699587,18,"Anahuac, Nuevo Leon",27.0285283,-100.0333715,86,"26.1216805, -100.327087699587","27.0285283, -100.0333715",104,151 km,151164,1 day 10 hours,120762,151.164,33.545
PG1494-PG1455,PG1494,PG1455,"Teapa, Tabasco",17.5566526,-92.9480504,9947,"Mezcalapa, Chiapas",17.2364959,-93.6349751688609,440,"17.5566526, -92.9480504","17.2364959, -93.6349751688609",10387,153 km,152875,1 day 11 hours,127719,152.875,35.4775
PG1300-PG1262,PG1300,PG1262,"San Jose Tenango, Oaxaca",18.15,-96.716667,6,"Orizaba, Veracruz",18.8497366,-97.1060062,1100,"18.15, -96.716667","18.8497366, -97.1060062",1106,154 km,153655,1 day 13 hours,134255,153.655,37.293055555555554
PG1115-PG1116,PG1115,PG1116,"Galeana, Nuevo Leon",24.8455905995639,-100.089346003726,5407,"Apodaca, Nuevo Leon",25.7816542,-100.1887501,4262,"24.8455905995639, -100.089346003726","25.7816542, -100.1887501",9669,154 km,154021,1 day 11 hours,125182,154.021,34.772777777777776
PG1613-PG1574,PG1613,PG1574,"Escarcega, Campeche",18.606934,-90.7385823,1232,"Carmen, Campeche",18.651739,-91.81492,255,"18.606934, -90.7385823","18.651739, -91.81492",1487,155 km,154647,1 day 11 hours,124451,154.647,34.569722222222225
PG1263-PG1264,PG1263,PG1264,"Xalapa, Veracruz",19.5408338,-96.9146374,109,"Papantla, Veracruz",20.4458721,-97.3232777494493,48,"19.5408338, -96.9146374","20.4458721, -97.3232777494493",157,157 km,157179,1 day 12 hours,130577,157.179,36.271388888888886
PG1690-PG1613,PG1690,PG1613,"Calakmul, Campeche",18.1073406,-89.8083280398131,194,"Escarcega, Campeche",18.606934,-90.7385823,1232,"18.1073406, -89.8083280398131","18.606934, -90.7385823",1426,157 km,157451,1 day 11 hours,126562,157.451,35.15611111111111
PG1573-PG1534,PG1573,PG1534,"Balancan, Tabasco",17.79751665,-91.3458588938522,1472,"Macuspana, Tabasco",17.760922,-92.596108,34779,"17.79751665, -91.3458588938522","17.760922, -92.596108",36251,158 km,157976,1 day 11 hours,127365,157.976,35.37916666666667
PG609-PG611,PG609,PG611,"Ahome, Sinaloa",25.9240491,-109.205834408303,4,"Navojoa, Sonora",27.0721872,-109.4438227,823,"25.9240491, -109.205834408303","27.0721872, -109.4438227",827,158 km,158067,1 day 11 hours,127315,158.067,35.36527777777778
PG1072-PG1074,PG1072,PG1074,"San Luis Potosi, San Luis Potosi",22.5000001,-100.4949145,4154,"Cedral, San Luis Potosi",23.8205361,-100.7242892,5,"22.5000001, -100.4949145","23.8205361, -100.7242892",4159,159 km,158850,1 day 12 hours,128116,158.85,35.58777777777778
PG655-PG578,PG655,PG578,"Janos, Chihuahua",30.8893267,-108.1930484,129,"Agua Prieta, Sonora",31.3305591,-109.5564331,35,"30.8893267, -108.1930484","31.3305591, -109.5564331",164,159 km,159344,1 day 12 hours,128383,159.344,35.661944444444444
PG538-PG578,PG538,PG578,"Imuris, Sonora",30.7874899,-110.8463861,7,"Agua Prieta, Sonora",31.3305591,-109.5564331,35,"30.7874899, -110.8463861","31.3305591, -109.5564331",42,162 km,162380,1 day 13 hours,132557,162.38,36.82138888888889
PG1375-PG1297,PG1375,PG1297,"Salina Cruz, Oaxaca",16.1825,-95.195833,112,"Santa Maria Huatulco, Oaxaca",15.8337711,-96.3214401,170,"16.1825, -95.195833","15.8337711, -96.3214401",282,164 km,164224,1 day 14 hours,135399,164.224,37.61083333333333
PG1454-PG1455,PG1454,PG1455,"Ocozocoautla de Espinosa, Chiapas",16.7931431,-93.4569635533782,1226,"Mezcalapa, Chiapas",17.2364959,-93.6349751688609,440,"16.7931431, -93.4569635533782","17.2364959, -93.6349751688609",1666,166 km,166203,1 day 15 hours,140632,166.203,39.06444444444445
PG497-PG499,PG497,PG499,"Hermosillo, Sonora",29.0948207,-110.9692202,9637,"Santa Ana, Sonora",30.5410922,-111.1184881,12341,"29.0948207, -110.9692202","30.5410922, -111.1184881",21978,170 km,170022,1 day 15 hours,138716,170.022,38.532222222222224
PG1220-PG1221,PG1220,PG1221,"San Andres Huaxpaltepec, Oaxaca",16.3411829,-97.9346251942668,31,"Santiago Juxtlahuaca, Oaxaca",17.334443,-98.010574,1,"16.3411829, -97.9346251942668","17.334443, -98.010574",32,173 km,172787,1 day 19 hours,154277,172.787,42.85472222222222
PG1221-PG1220,PG1221,PG1220,"Santiago Juxtlahuaca, Oaxaca",17.334443,-98.010574,1,"San Andres Huaxpaltepec, Oaxaca",16.3411829,-97.9346251942668,31,"17.334443, -98.010574","16.3411829, -97.9346251942668",32,173 km,172802,1 day 17 hours,148026,172.802,41.11833333333333
PG460-PG383,PG460,PG383,"Caborca, Sonora",30.7166014,-112.1562598,414,"Puerto Penasco, Sonora",31.3170867,-113.531819,1,"30.7166014, -112.1562598","31.3170867, -113.531819",415,175 km,175126,1 day 15 hours,140077,175.126,38.91027777777778
PG268-PG190,PG268,PG190,"Mexicali, Baja California",32.6405247,-115.474899,5706,"Tijuana, Baja California",32.5317397,-117.019529,27568,"32.6405247, -115.474899","32.5317397, -117.019529",33274,177 km,177490,1 day 18 hours,149593,177.49,41.55361111111111
PG1229-PG1192,PG1229,PG1192,"Aldama, Tamaulipas",22.9196081,-98.0741727,14,"Jimenez, Tamaulipas",24.2169169,-98.483929,1,"22.9196081, -98.0741727","24.2169169, -98.483929",15,180 km,180026,1 day 16 hours,144989,180.026,40.27472222222222
PG1730-PG1690,PG1730,PG1690,"Othon P. Blanco, Quintana Roo",18.43704555,-88.8257581580335,369,"Calakmul, Campeche",18.1073406,-89.8083280398131,194,"18.43704555, -88.8257581580335","18.1073406, -89.8083280398131",563,181 km,181032,1 day 17 hours,146408,181.032,40.66888888888889
PG1146-PG1108,PG1146,PG1108,"Iztapalapa, Ciudad de Mexico",19.3591195,-99.0929294,6176,"San Juan del Rio, Queretaro",20.3867547,-99.9931982,1304,"19.3591195, -99.0929294","20.3867547, -99.9931982",7480,181 km,181280,1 day 18 hours,149973,181.28,41.659166666666664
PG1071-PG1072,PG1071,PG1072,"San Luis de la Paz, Guanajuato",21.2970466,-100.516269,60,"San Luis Potosi, San Luis Potosi",22.5000001,-100.4949145,4154,"21.2970466, -100.516269","22.5000001, -100.4949145",4214,183 km,183316,1 day 17 hours,147877,183.316,41.07694444444444
PG1531-PG1532,PG1531,PG1532,"Frontera Comalapa, Chiapas",15.6590135,-92.1422219,802,"San Cristobal de las Casas, Chiapas",16.6835469,-92.6155184199116,745,"15.6590135, -92.1422219","16.6835469, -92.6155184199116",1547,184 km,183729,1 day 19 hours,155889,183.729,43.3025
PG1190-PG1152,PG1190,PG1152,"Gonzalez, Tamaulipas",22.79038735,-98.5763189554293,8,"Jaumave, Tamaulipas",23.40496,-99.3806698,501,"22.79038735, -98.5763189554293","23.40496, -99.3806698",509,185 km,184632,1 day 19 hours,153332,184.632,42.59222222222222
PG1222-PG1184,PG1222,PG1184,"Heroica Ciudad de Huajuapan de Leon, Oaxaca",17.808846,-97.7780564,46,"Jantetelco, Morelos",18.7167516,-98.7766172,3,"17.808846, -97.7780564","18.7167516, -98.7766172",49,186 km,185821,1 day 18 hours,151458,185.821,42.071666666666665
PG1493-PG1494,PG1493,PG1494,"Tuxtla Gutierrez, Chiapas",16.753801,-93.115959,15141,"Teapa, Tabasco",17.5566526,-92.9480504,9947,"16.753801, -93.115959","17.5566526, -92.9480504",25088,188 km,187545,1 day 21 hours,160381,187.545,44.55027777777778
PG1260-PG1221,PG1260,PG1221,"San Francisco Telixtlahuaca, Oaxaca",17.296628,-96.9056112,49,"Santiago Juxtlahuaca, Oaxaca",17.334443,-98.010574,1,"17.296628, -96.9056112","17.334443, -98.010574",50,188 km,187695,1 day 21 hours,163125,187.695,45.3125
PG1532-PG1533,PG1532,PG1533,"San Cristobal de las Casas, Chiapas",16.6835469,-92.6155184199116,745,"Salto de Agua, Chiapas",17.4348976,-92.2248024988609,9,"16.6835469, -92.6155184199116","17.4348976, -92.2248024988609",754,198 km,197622,1 day 22 hours,164458,197.622,45.68277777777778
PG988-PG989,PG988,PG989,"Lazaro Cardenas, Michoacan",17.9594769,-102.198659,1,"Apatzingan, Michoacan",19.0913792,-102.3537356,1,"17.9594769, -102.198659","19.0913792, -102.3537356",2,199 km,198571,1 day 23 hours,169354,198.571,47.04277777777778
PG1574-PG1495,PG1574,PG1495,"Carmen, Campeche",18.651739,-91.81492,255,"Centro, Tabasco",18.0271588,-92.7747911804616,71661,"18.651739, -91.81492","18.0271588, -92.7747911804616",71916,203 km,202641,1 day 21 hours,163574,202.641,45.437222222222225
PG1300-PG1340,PG1300,PG1340,"San Jose Tenango, Oaxaca",18.15,-96.716667,6,"Alvarado, Veracruz",18.82874235,-95.9238540059007,59,"18.15, -96.716667","18.82874235, -95.9238540059007",65,205 km,205200,2 days 0 hours,172021,205.2,47.783611111111114
PG1494-PG1417,PG1494,PG1417,"Teapa, Tabasco",17.5566526,-92.9480504,9947,"Agua Dulce, Veracruz",18.0899541,-94.1623630522383,4144,"17.5566526, -92.9480504","18.0899541, -94.1623630522383",14091,212 km,211808,2 days 0 hours,171329,211.808,47.591388888888886
PG1261-PG1223,PG1261,PG1223,"San Miguel Tequixtepec, Oaxaca",17.801944,-97.340556,109,"Puebla, Puebla",19.0384062279769,-98.2069491554557,5069,"17.801944, -97.340556","19.0384062279769, -98.2069491554557",5178,212 km,212363,2 days 0 hours,173592,212.363,48.22
PG383-PG307,PG383,PG307,"Puerto Penasco, Sonora",31.3170867,-113.531819,1,"San Luis Rio Colorado, Sonora",32.4517957,-114.7652542,67,"31.3170867, -113.531819","32.4517957, -114.7652542",68,213 km,213005,2 days 0 hours,171391,213.005,47.60861111111111
PG912-PG913,PG912,PG913,"Colima, Colima",19.2448781553705,-103.725030676615,6,"Tlajomulco de Zuniga, Jalisco",20.48187375,-103.400509663829,103,"19.2448781553705, -103.725030676615","20.48187375, -103.400509663829",109,214 km,214085,2 days 1 hour,178027,214.085,49.45194444444444
PG1186-PG1187,PG1186,PG1187,"Pachuca de Soto, Hidalgo",20.1165413,-98.7413535,44,"Chapulhuacan, Hidalgo",21.1263192,-98.9521191559816,18,"20.1165413, -98.7413535","21.1263192, -98.9521191559816",62,217 km,217006,2 days 3 hours,182647,217.006,50.735277777777775
PG1299-PG1300,PG1299,PG1300,"Oaxaca de Juarez, Oaxaca",17.0604663,-96.7253575,1270,"San Jose Tenango, Oaxaca",18.15,-96.716667,6,"17.0604663, -96.7253575","18.15, -96.716667",1276,219 km,218553,2 days 5 hours,191423,218.553,53.17305555555556
PG990-PG953,PG990,PG953,"Uruapan, Michoacan",19.4147269,-102.0522647,1,"El Salto, Jalisco",20.5196964,-103.1813141,1,"19.4147269, -102.0522647","20.5196964, -103.1813141",2,222 km,221866,2 days 2 hours,181053,221.866,50.2925
PG761-PG725,PG761,PG725,"Mazatlan, Sinaloa",23.2035785,-106.4208391,976,"Culiacan, Sinaloa",24.7978965,-107.393395,11,"23.2035785, -106.4208391","24.7978965, -107.393395",987,224 km,223662,2 days 2 hours,181247,223.662,50.34638888888889
PG1187-PG1150,PG1187,PG1150,"Chapulhuacan, Hidalgo",21.1263192,-98.9521191559816,18,"Antiguo Morelos, Tamaulipas",22.56570125,-99.0871371606598,117,"21.1263192, -98.9521191559816","22.56570125, -99.0871371606598",135,225 km,225320,2 days 3 hours,182381,225.32,50.66138888888889
PG422-PG307,PG422,PG307,"General Plutarco Elias Calles, Sonora",31.6949837,-112.711748945241,1431,"San Luis Rio Colorado, Sonora",32.4517957,-114.7652542,67,"31.6949837, -112.711748945241","32.4517957, -114.7652542",1498,228 km,227769,2 days 3 hours,181807,227.769,50.50194444444445
PG1495-PG1417,PG1495,PG1417,"Centro, Tabasco",18.0271588,-92.7747911804616,71661,"Agua Dulce, Veracruz",18.0899541,-94.1623630522383,4144,"18.0271588, -92.7747911804616","18.0899541, -94.1623630522383",75805,231 km,231153,2 days 4 hours,186675,231.153,51.854166666666664
PG914-PG837,PG914,PG837,"Guadalajara, Jalisco",20.6720375,-103.338396,1332,"Tepic, Nayarit",21.5119156,-104.8915889,219,"20.6720375, -103.338396","21.5119156, -104.8915889",1551,232 km,231671,2 days 4 hours,187372,231.671,52.047777777777775
PG1040-PG1081,PG1040,PG1081,"Monclova, Coahuila",26.8999988,-101.4171173,1207,"Piedras Negras, Coahuila",28.7041725,-100.5148362,21201,"26.8999988, -101.4171173","28.7041725, -100.5148362",22408,243 km,242806,2 days 6 hours,194856,242.806,54.126666666666665
PG1031-PG994,PG1031,PG994,"Irapuato, Guanajuato",20.6758761,-101.3521052,44,"Cosio, Aguascalientes",22.3705155,-102.312008510523,98,"20.6758761, -101.3521052","22.3705155, -102.312008510523",142,247 km,247074,2 days 8 hours,202804,247.074,56.33444444444444
PG769-PG887,PG769,PG887,"Chihuahua, Chihuahua",28.5000001,-106.0000001,2035,"Ojinaga, Chihuahua",29.5654282,-104.4128523,94,"28.5000001, -106.0000001","29.5654282, -104.4128523",2129,248 km,247794,2 days 7 hours,198715,247.794,55.19861111111111
PG841-PG921,PG841,PG921,"Durango, Durango",24.0350752647048,-104.663661325132,375,"Gomez Palacio, Durango",25.5732473,-103.494779,1048,"24.0350752647048, -104.663661325132","25.5732473, -103.494779",1423,248 km,248193,2 days 7 hours,198774,248.193,55.215
PG1376-PG1298,PG1376,PG1298,"Juchitan de Zaragoza, Oaxaca",16.413329,-94.9118794582709,2625,"Tlacolula de Matamoros, Oaxaca",16.9314623,-96.4611074593091,351,"16.413329, -94.9118794582709","16.9314623, -96.4611074593091",2976,253 km,253064,2 days 10 hours,210402,253.064,58.445
PG1187-PG1228,PG1187,PG1228,"Chapulhuacan, Hidalgo",21.1263192,-98.9521191559816,18,"Altamira, Tamaulipas",22.3921625,-97.9362975,833,"21.1263192, -98.9521191559816","22.3921625, -97.9362975",851,255 km,254861,2 days 9 hours,206170,254.861,57.269444444444446
PG956-PG841,PG956,PG841,"Calera, Zacatecas",22.97848,-102.856222886116,42,"Durango, Durango",24.0350752647048,-104.663661325132,375,"22.97848, -102.856222886116","24.0350752647048, -104.663661325132",417,255 km,255222,2 days 9 hours,205664,255.222,57.12888888888889
PG383-PG268,PG383,PG268,"Puerto Penasco, Sonora",31.3170867,-113.531819,1,"Mexicali, Baja California",32.6405247,-115.474899,5706,"31.3170867, -113.531819","32.6405247, -115.474899",5707,255 km,255472,2 days 9 hours,205696,255.472,57.13777777777778
PG1261-PG1184,PG1261,PG1184,"San Miguel Tequixtepec, Oaxaca",17.801944,-97.340556,109,"Jantetelco, Morelos",18.7167516,-98.7766172,3,"17.801944, -97.340556","18.7167516, -98.7766172",112,263 km,263110,2 days 11 hours,213777,263.11,59.3825
PG1103-PG1027,PG1103,PG1027,"Acapulco de Juarez, Guerrero",16.8680495,-99.8940182,32,"Zihuatanejo de Azueta, Guerrero",17.80789995,-101.496952435006,14,"16.8680495, -99.8940182","17.80789995, -101.496952435006",46,268 km,268086,2 days 14 hours,221898,268.086,61.638333333333335
PG1574-PG1456,PG1574,PG1456,"Carmen, Campeche",18.651739,-91.81492,255,"Huimanguillo, Tabasco",17.7620967,-93.6634408051158,97523,"18.651739, -91.81492","17.7620967, -93.6634408051158",97778,271 km,271024,2 days 13 hours,219014,271.024,60.83722222222222
PG1221-PG1143,PG1221,PG1143,"Santiago Juxtlahuaca, Oaxaca",17.334443,-98.010574,1,"Chilpancingo de los Bravo, Guerrero",17.5542149,-99.5048416,30,"17.334443, -98.010574","17.5542149, -99.5048416",31,280 km,280287,2 days 20 hours,244129,280.287,67.81361111111111
PG422-PG268,PG422,PG268,"General Plutarco Elias Calles, Sonora",31.6949837,-112.711748945241,1431,"Mexicali, Baja California",32.6405247,-115.474899,5706,"31.6949837, -112.711748945241","32.6405247, -115.474899",7137,297 km,297066,2 days 18 hours,237900,297.066,66.08333333333333
PG872-PG797,PG872,PG797,"Manzanillo, Colima",19.0506256,-104.3159957,9,"Bahia de Banderas, Nayarit",20.8290434,-105.317508736965,2,"19.0506256, -104.3159957","20.8290434, -105.317508736965",11,308 km,308433,2 days 22 hours,251776,308.433,69.93777777777778
PG1222-PG1143,PG1222,PG1143,"Heroica Ciudad de Huajuapan de Leon, Oaxaca",17.808846,-97.7780564,46,"Chilpancingo de los Bravo, Guerrero",17.5542149,-99.5048416,30,"17.808846, -97.7780564","17.5542149, -99.5048416",76,317 km,316943,3 days 3 hours,269377,316.943,74.82694444444445
PG921-PG1040,PG921,PG1040,"Gomez Palacio, Durango",25.5732473,-103.494779,1048,"Monclova, Coahuila",26.8999988,-101.4171173,1207,"25.5732473, -103.494779","26.8999988, -101.4171173",2255,323 km,322613,3 days 0 hours,258318,322.613,71.755
PG988-PG912,PG988,PG912,"Lazaro Cardenas, Michoacan",17.9594769,-102.198659,1,"Colima, Colima",19.2448781553705,-103.725030676615,6,"17.9594769, -102.198659","19.2448781553705, -103.725030676615",7,323 km,322968,3 days 2 hours,265116,322.968,73.64333333333333
PG1220-PG1143,PG1220,PG1143,"San Andres Huaxpaltepec, Oaxaca",16.3411829,-97.9346251942668,31,"Chilpancingo de los Bravo, Guerrero",17.5542149,-99.5048416,30,"16.3411829, -97.9346251942668","17.5542149, -99.5048416",61,329 km,328524,3 days 4 hours,272267,328.524,75.62972222222223
PG1074-PG1077,PG1074,PG1077,"Cedral, San Luis Potosi",23.8205361,-100.7242892,5,"Mina, Nuevo Leon",26.0025145,-100.5300485,2348,"23.8205361, -100.7242892","26.0025145, -100.5300485",2353,329 km,328823,3 days 1 hour,263020,328.823,73.06111111111112
PG961-PG1040,PG961,PG1040,"Francisco I. Madero, Coahuila",26.23755265,-103.099655568766,25,"Monclova, Coahuila",26.8999988,-101.4171173,1207,"26.23755265, -103.099655568766","26.8999988, -101.4171173",1232,332 km,332390,3 days 2 hours,265922,332.39,73.86722222222222
PG988-PG872,PG988,PG872,"Lazaro Cardenas, Michoacan",17.9594769,-102.198659,1,"Manzanillo, Colima",19.0506256,-104.3159957,9,"17.9594769, -102.198659","19.0506256, -104.3159957",10,340 km,339821,3 days 5 hours,277561,339.821,77.10027777777778
PG956-PG921,PG956,PG921,"Calera, Zacatecas",22.97848,-102.856222886116,42,"Gomez Palacio, Durango",25.5732473,-103.494779,1048,"22.97848, -102.856222886116","25.5732473, -103.494779",1090,343 km,342534,3 days 4 hours,273434,342.534,75.95388888888888
PG769-PG655,PG769,PG655,"Chihuahua, Chihuahua",28.5000001,-106.0000001,2035,"Janos, Chihuahua",30.8893267,-108.1930484,129,"28.5000001, -106.0000001","30.8893267, -108.1930484",2164,429 km,429115,4 days 0 hours,347043,429.115,96.40083333333334
PG1260-PG1143,PG1260,PG1143,"San Francisco Telixtlahuaca, Oaxaca",17.296628,-96.9056112,49,"Chilpancingo de los Bravo, Guerrero",17.5542149,-99.5048416,30,"17.296628, -96.9056112","17.5542149, -99.5048416",79,453 km,453124,4 days 10 hours,381070,453.124,105.85277777777777
PG921-PG769,PG921,PG769,"Gomez Palacio, Durango",25.5732473,-103.494779,1048,"Chihuahua, Chihuahua",28.5000001,-106.0000001,2035,"25.5732473, -103.494779","28.5000001, -106.0000001",3083,460 km,459896,4 days 7 hours,371624,459.896,103.22888888888889
PG769-PG774,PG769,PG774,"Chihuahua, Chihuahua",28.5000001,-106.0000001,2035,"Juarez, Chihuahua",31.7372575,-106.485655,7925,"28.5000001, -106.0000001","31.7372575, -106.485655",9960,476 km,476018,4 days 10 hours,382523,476.018,106.25638888888889
PG837-PG761,PG837,PG761,"Tepic, Nayarit",21.5119156,-104.8915889,219,"Mazatlan, Sinaloa",23.2035785,-106.4208391,976,"21.5119156, -104.8915889","23.2035785, -106.4208391",1195,623 km,623399,6 days 4 hours,534311,623.399,148.41972222222222
